comment_text,label,augmented
Mình cũng bị trầm cảm do áp lực tinh cảm GĐ,1,False
quá Mình cũng bị trầm cảm do áp lực tinh cảm GĐ,1,True
Mình cũng bị trầm cảm do cảm lực tinh áp GĐ,1,True
Cái chta cần ko phải là động lực mà là sự rõ ràng. Dựa vào câu chuyện trên thì khi ta chán nản lười biếng hãy cố gắng tìm ra nguyên nhân và cách khắc phục thay vì lặp đi lặp lại hành động tiêu cực vô nghĩa đó.,1,False
Cái chta cần ko phải là động lực mà là sự rõ ràng. Dựa vào câu chuyện trên thì khi ta chán nản lười biếng hãy cố gắng tìm ra nguyên nhân và cách khắc phục thay vì lặp đi lặp lại hành động tiêu kinh cực vô nghĩa đó.,1,True
Cái chta cần ko phải là động lực mà là sự rõ ràng. Dựa vào câu chuyện trên thì khi ta chán nản lười biếng hãy cố gắng tìm ra nguyên nhân và cách khắc phục thay tiêu lặp đi lặp lại hành động vì cực vô nghĩa đó.,1,True
"Em rất biết ơn vì mình đã được nhận sách, cảm ơn anh Vũ rất rất nhiều! Em hy vọng bản thân mình và những người trầm cảm, lo âu khác sẽ đủ nguồn lực, hy vọng để sống bình an với trầm cảm và biết rằng mình xứng đáng được yêu thương! ☘️",1,False
"Em rất biết ơn vì mình đã được nhận sách, cảm ơn anh Vũ lắm rất rất nhiều! Em hy vọng bản thân mình và những người trầm cảm, lo âu khác sẽ đủ nguồn lực, hy vọng để sống bình an với trầm cảm và biết rằng mình xứng đáng được yêu thương! ☘️",1,True
"Em rất ơn vì mình đã được nhận sách, cảm ơn anh Vũ rất rất nhiều! Em hy vọng bản thân mình và những người trầm cảm, lo âu khác sẽ đủ nguồn lực, hy vọng để sống bình an trầm cảm và biết rằng mình xứng đáng được yêu thương! ☘️",1,True
"Tạm biệt, đã đến lúc phải nói câu này",1,False
"Tạm biệt, đã đến lúc lắm phải nói câu này",1,True
"Tạm biệt, đã đến lúc câu nói phải này",1,True
Mất ngủ hai năm rồi ko dây phút nào được yên giấc chỉ mong một phút ngủ ngon thôi mà ko thể nào có được nhiều lần nghĩ đến tự tự vì sông ko bằng chết,1,False
Mất ngủ hai năm vô cùng rồi ko dây phút nào được yên giấc chỉ mong một phút ngủ ngon thôi mà ko thể nào có được nhiều lần nghĩ đến tự tự vì sông ko bằng chết,1,True
Mất ngủ hai năm rồi ko dây phút nào được yên giấc chỉ mong một phút ngủ ngon thôi mà ko thể tự có được nhiều lần nghĩ đến nào tự vì sông ko bằng chết,1,True
"Câu chuyện bạn này gần giống mình, mình là đứa rất rất hiền, nhát và dễ khóc nữa, từ năm cấp 2 đến giờ khiến mình rất áp lực, bị bạn bè trêu trọc, bị bắt nạt, không theo kịp các bạn khiến mình luôn suy nghĩ tới những hướng tiêu cực như tự làm tổn thương mình. Bố mẹ mình thì cũng không áp đặt gì nhiều, vẫn rất chiều mình, quan tâm, không áp lực điểm số, ai trêu trọc mình là muốn xử bẹp luon 😶‍🌫 Nhưng không hiểu sao tính mình nó rất lạ, luôn tự làm mình tổn thương, nhiều khi suy nghĩ tiêu cực làm mình khóc sưng mắt nữa. Mình nghĩ do mình bị áp lực về bắt nạt học đường, mấy ngày nay cô mình đổi chỗ cho mình lên bàn đầu để dễ quan sát hơn, nhưng hay bị bạn bè trêu trọc khiến 2 ngày nay mình khóc rất nhiều. Mình có bảo mẹ xin cô chuyển về chỗ cũ nhưng cả 2 ngày nay cô không có tiết với không nhắc tới khiến mình mất niềm tin hẳn. Mình chỉ mong là ngày mai cô xem và cho mình đổi lại về chỗ cũ thôi, vì mình cũng là một đứa hướng nội, chỉ muốn ở trong góc:( Có gì ngày mai mình kể tiếp chứ giờ mọi thứ thực sự áp lực dữ lắm rồi... Bạn đọc đến đây thì đừng nói nặng lời với mình, mình chỉ muốn giải tỏa căng thẳng một chút thôi..",1,False
"Câu chuyện bạn này gần giống mình, mình là đứa rất rất hiền, nhát và dễ khóc nữa, từ năm cấp 2 đến giờ khiến mình rất áp lực, bị bạn bè trêu trọc, bị bắt nạt, không theo kịp các bạn khiến mình luôn suy nghĩ tới những hướng tiêu cực như tự làm tổn thương mình. Bố mẹ mình thì cũng không áp đặt gì nhiều, vẫn rất chiều mình, quan tâm, không áp lực điểm số, ai trêu trọc mình là muốn xử bẹp luon 😶‍🌫 Nhưng không hiểu sao tính mình nó rất cực lạ, luôn tự làm mình tổn thương, nhiều khi suy nghĩ tiêu cực làm mình khóc sưng mắt nữa. Mình nghĩ do mình bị áp lực về bắt nạt học đường, mấy ngày nay cô mình đổi chỗ cho mình lên bàn đầu để dễ quan sát hơn, nhưng hay bị bạn bè trêu trọc khiến 2 ngày nay mình khóc rất nhiều. Mình có bảo mẹ xin cô chuyển về chỗ cũ nhưng cả 2 ngày nay cô không có tiết với không nhắc tới khiến mình mất niềm tin hẳn. Mình chỉ mong là ngày mai cô xem và cho mình đổi lại về chỗ cũ thôi, vì mình cũng là một đứa hướng nội, chỉ muốn ở trong góc:( Có gì ngày mai mình kể tiếp chứ giờ mọi thứ thực sự áp lực dữ lắm rồi... Bạn đọc đến đây thì đừng nói nặng lời với mình, mình chỉ muốn giải tỏa căng thẳng một chút thôi..",1,True
"chuyện bạn này gần giống mình, là đứa rất rất hiền, nhát và dễ khóc nữa, từ năm cấp đến giờ khiến mình rất áp lực, bị bạn trêu trọc, bị bắt nạt, không theo kịp các bạn khiến mình luôn suy nghĩ tới hướng tiêu cực như tự tổn thương mình. Bố mẹ mình thì cũng không áp đặt gì nhiều, vẫn rất chiều mình, quan tâm, không áp điểm số, ai trọc mình là muốn xử bẹp luon 😶‍🌫 Nhưng không hiểu sao mình nó rất lạ, luôn tự làm mình tổn thương, nhiều khi suy nghĩ tiêu cực làm khóc sưng nữa. Mình nghĩ do mình bị về bắt nạt học đường, mấy ngày nay cô mình đổi chỗ cho mình lên bàn đầu để dễ quan sát hơn, nhưng hay bị bè trêu trọc khiến 2 ngày nay mình khóc rất nhiều. Mình có bảo mẹ xin cô về chỗ cũ nhưng cả 2 ngày nay cô không có tiết với không nhắc tới khiến mình mất niềm tin hẳn. Mình chỉ mong ngày mai cô xem và cho đổi lại về chỗ cũ thôi, vì mình cũng là một đứa hướng nội, chỉ muốn ở trong Có gì ngày mai mình kể tiếp chứ giờ mọi thứ sự áp lực dữ lắm rồi... Bạn đọc đây thì đừng nặng lời với mình, mình chỉ muốn tỏa căng thẳng một chút thôi..",1,True
"Có 1 sự thật rằng tôi luôn nói chuyện với bản thân.tự tưởng có 1 người khác đang nói chuyện chia sẻ mọi thứ mình.điều đó làm tôi vui , toi cũng k cần bạn bè vì rất khó nói chuyện với họ. 😔😔😔",1,False
"Có 1 sự thật rằng tôi luôn nói chuyện với bản thân.tự tưởng có 1 người khác đang nói chuyện chia sẻ mọi thứ mình.điều đó làm tôi hạnh phúc , toi cũng k cần bạn bè vì rất khó nói chuyện với họ. 😔😔😔",1,True
"Có 1 sự thật rằng tôi luôn kinh nói chuyện với bản thân.tự tưởng có 1 người khác đang nói chuyện chia sẻ mọi thứ mình.điều đó làm tôi vui , toi cũng k cần bạn bè vì rất khó nói chuyện với họ. 😔😔😔",1,True
"Ta vẫn nằm nghe mưa bay bên tai từng giờ Ta vẫn nằm nghe tiếng còi xe vang nơi đường phố Nhìn lại ta vẫn còn đây trong làn khói mập mờ Chẳng phải thở than vẫn mê mê man man chả nhớ Đêm nay cô đơn! Chấm điếu thuốc lên mồi thở dài một hơi Thấy chút ánh sáng như hắt lại hình hài Ôm cơn mơ từ thuở ấu thơ khờ dại Ai cho ta ngày mai cho tình yêu Cho ngày tháng đâm chồi Dăm chai bia lại say ta lại phiêu Cho một đĩa không mồi Ta ngân nga đi ba câu hát chơi vơi dòng đời Tâm tư ta như con thác chênh vênh thả trôi Huỳnh Công Hiếu: Em ơi nếu như và ngày mai mà anh chết thì anh không biết rằng em liệu có buồn không Bởi vì tâm hồn của anh là một ngày hạ và con tim của em là mặt trời vào mùa đông Anh biết là lâu quá rồi anh không freestyle hay làm vài ba chai cùng với thằng bạn anh Và anh chơi nhạc rap thì cũng chỉ vì đam mê chứ đâu phải là cách để cho bản thân anh rạng danh Và bao nhiêu thành phố mà đôi chân anh đi qua, quá nhiều cô gái nhưng không làm anh sao xuyến Anh chạy theo đam mê để nuôi sống gia đình, không ai được phép làm trái tim em đau điếng Đêm nay anh say nên anh sẽ nói ra bao nhiêu tâm tư ở trong anh bấy lâu nay Cuộc sống này chưa từng đối đãi công bằng nên anh chọn cách đã phải viết cả bài này Ngày hôm đó anh bị thằng chủ đuổi, tiền phải kiếm cho dù bị chửi đủ Thời niên thiếu gia đình Huỳnh Công Hiếu Tiền không thiếu nhưng mà cũng chỉ đủ Ai cũng muốn là mình được làm chủ nhỉ Trưởng thành mau để ông già còn ngủ nghỉ Sau giờ tan làm có em ngồi cùng thủ thỉ Nếu mai anh giàu nếu mai anh giàu em sẽ trở thành thủ quỹ Anh không sinh ra từ một gia định viên chức chỉ có đôi bàn tay trắng nên không có nhiều tài sản Không được lập trình theo một cách thật bài bản tâm hồn anh là thủy thủ những ngày ra khơi ngoài cảng Chưa bao giờ nghĩ có một ngày mình nổi tiếng, được nhiều người biết và đọc rap trên kháng đài Hào quang sân khấu luôn nhắc nhở một điều là đừng trở thành nô lệ của cảm xúc theo tháng ngày Đêm nay cô đơn nếu không nói ra thì ngày mai con tim anh cũng sẽ trở thành tảng đá Lang thang đôi chân giữa đêm giá băng anh lại đi vào quán đêm mắt đỏ bửng trên gò má Giá như có ai [có thể hiểu] được những gì mà anh đã từng trải qua trong cuộc chơi này Vài năm nữa thôi sẽ mang hết tất cả sự thật và ấm ức cả bức rức ra để phơi bày Ngắn: Chấm điếu thuốc lên mồi thở dài một hơi Thấy chút ánh sáng như hắt lại hình hài Ôm cơn mơ từ thuở ấu thơ khờ dại Ai cho ta ngày mai cho tình yêu Cho ngày tháng đâm chồi Dăm chai bia lại say ta lại phiêu Cho một đĩa không mồi Ta ngân nga đi ba câu hát chơi vơi dòng đời Tâm tư ta như con thác chênh vênh thả trôi Xám: Oh anh không nghĩ là đêm nay anh cô đơn chỉ là do anh không cần thêm một ai bên cạnh Chai rượu Anh vừa rót vẫn còn đầy để âm nhạc được giải thoát không cần nhớ tên anh đâu Dăm ba câu chuyện mình cười nói cũng quên nhanh, thứ gì quá ngọt thì chịu khó bỏ thêm chanh Anh không muốn câu chuyện này tình tiết trở nên căng nên cứ về nhà và từ chối ở bên anh Và anh không cô đơn chắc chỉ đang cần một khoảng trống để tất cả mọi thứ ở số không Anh đóng luôn cửa sổ lấy thêm chai nữa rót cảm giác được nó phía trong Anh không cầm điện thoại chỉ có tiếng nhạc tiếp đi dù cho tâm can anh bất động Và dù cho đam mê đêm hôm qua như giấc mộng Và dù cho cơn đau Anh đang lan ra rất rộng Và dù cho thất vọng thì cứ lấy ra và nóc tiếp Dù cho anh say nên có lúc hay bị off beat Không có gạt tàn anh vẫn lấy thêm và đốt hết Em nói tình yêu là từ giúp ta được thoát chết Nhưng cuối cùng thì chẳng có gì chiến thắng được thời gian Chẳng biết khi nào thì trời sáng Anh từ từ chậm chậm đi đến hết đường hành lang Oh 6:30 mình rời quán Huỳnh Công Hiếu: Đêm nay cô đơn Nếu không nói ra thì Ngày mai con tim anh cũng sẽ trở thành tảng đá Lang Thang đôi chân giữa đêm giá băng anh lại đi vào quán đêm mắt đỏ bửng trên gò má Giá như có ai [có thể hiểu] được Những gì mà anh đã từng trải qua trong cuộc chơi này Vài năm nữa thôi sẽ mang hết tất cả sự thật và ấm ức cả bức rức ra để phơi bày Ngắn: Chấm điếu thuốc lên mồi thở dài một hơi Thấy chút ánh sáng như hắt lại hình hài Ôm cơn mơ từ thuở ấu thơ khờ dại Ai cho ta ngày mai cho tình yêu cho ngày tháng đâm chồi Dăm chai bia lại say ta lại phiêu Cho một đĩa không mồi Ta ngân nga đi ba câu hát chơi với dòng đời Tâm tư ta như con thác chênh vênh thả trôi",1,False
"Ta vẫn nằm nghe mưa bay bên tai từng giờ Ta vẫn nằm nghe tiếng còi xe vang nơi đường phố Nhìn lại ta vẫn còn đây trong làn khói mập mờ Chẳng phải thở than vẫn mê mê man man chả nhớ Đêm nay cô đơn! Chấm điếu thuốc lên mồi thở dài một hơi Thấy chút ánh sáng như hắt lại hình hài Ôm cơn mơ từ thuở ấu thơ khờ dại Ai cho ta ngày mai cho tình yêu Cho ngày tháng đâm chồi Dăm chai bia lại say ta lại phiêu Cho một đĩa không mồi Ta ngân nga đi ba câu hát chơi vơi dòng đời Tâm tư ta như con thác chênh vênh thả trôi Huỳnh Công Hiếu: Em ơi nếu như và ngày mai mà anh chết thì anh không biết rằng em liệu có thất vọng không Bởi vì tâm hồn của anh là một ngày hạ và con tim của em là mặt trời vào mùa đông Anh biết là lâu quá rồi anh không freestyle hay làm vài ba chai cùng với thằng bạn anh Và anh chơi nhạc rap thì cũng chỉ vì đam mê chứ đâu phải là cách để cho bản thân anh rạng danh Và bao nhiêu thành phố mà đôi chân anh đi qua, quá nhiều cô gái nhưng không làm anh sao xuyến Anh chạy theo đam mê để nuôi sống gia đình, không ai được phép làm trái tim em đau điếng Đêm nay anh say nên anh sẽ nói ra bao nhiêu tâm tư ở trong anh bấy lâu nay Cuộc sống này chưa từng đối đãi công bằng nên anh chọn cách đã phải viết cả bài này Ngày hôm đó anh bị thằng chủ đuổi, tiền phải kiếm cho dù bị chửi đủ Thời niên thiếu gia đình Huỳnh Công Hiếu Tiền không thiếu nhưng mà cũng chỉ đủ Ai cũng muốn là mình được làm chủ nhỉ Trưởng thành mau để ông già còn ngủ nghỉ Sau giờ tan làm có em ngồi cùng thủ thỉ Nếu mai anh giàu nếu mai anh giàu em sẽ trở thành thủ quỹ Anh không sinh ra từ một gia định viên chức chỉ có đôi bàn tay trắng nên không có nhiều tài sản Không được lập trình theo một cách thật bài bản tâm hồn anh là thủy thủ những ngày ra khơi ngoài cảng Chưa bao giờ nghĩ có một ngày mình nổi tiếng, được nhiều người biết và đọc rap trên kháng đài Hào quang sân khấu luôn nhắc nhở một điều là đừng trở thành nô lệ của cảm xúc theo tháng ngày Đêm nay cô đơn nếu không nói ra thì ngày mai con tim anh cũng sẽ trở thành tảng đá Lang thang đôi chân giữa đêm giá băng anh lại đi vào quán đêm mắt đỏ bửng trên gò má Giá như có ai [có thể hiểu] được những gì mà anh đã từng trải qua trong cuộc chơi này Vài năm nữa thôi sẽ mang hết tất cả sự thật và ấm ức cả bức rức ra để phơi bày Ngắn: Chấm điếu thuốc lên mồi thở dài một hơi Thấy chút ánh sáng như hắt lại hình hài Ôm cơn mơ từ thuở ấu thơ khờ dại Ai cho ta ngày mai cho tình yêu Cho ngày tháng đâm chồi Dăm chai bia lại say ta lại phiêu Cho một đĩa không mồi Ta ngân nga đi ba câu hát chơi vơi dòng đời Tâm tư ta như con thác chênh vênh thả trôi Xám: Oh anh không nghĩ là đêm nay anh cô đơn chỉ là do anh không cần thêm một ai bên cạnh Chai rượu Anh vừa rót vẫn còn đầy để âm nhạc được giải thoát không cần nhớ tên anh đâu Dăm ba câu chuyện mình cười nói cũng quên nhanh, thứ gì quá ngọt thì chịu khó bỏ thêm chanh Anh không muốn câu chuyện này tình tiết trở nên căng nên cứ về nhà và từ chối ở bên anh Và anh không cô đơn chắc chỉ đang cần một khoảng trống để tất cả mọi thứ ở số không Anh đóng luôn cửa sổ lấy thêm chai nữa rót cảm giác được nó phía trong Anh không cầm điện thoại chỉ có tiếng nhạc tiếp đi dù cho tâm can anh bất động Và dù cho đam mê đêm hôm qua như giấc mộng Và dù cho cơn đau Anh đang lan ra rất rộng Và dù cho thất vọng thì cứ lấy ra và nóc tiếp Dù cho anh say nên có lúc hay bị off beat Không có gạt tàn anh vẫn lấy thêm và đốt hết Em nói tình yêu là từ giúp ta được thoát chết Nhưng cuối cùng thì chẳng có gì chiến thắng được thời gian Chẳng biết khi nào thì trời sáng Anh từ từ chậm chậm đi đến hết đường hành lang Oh 6:30 mình rời quán Huỳnh Công Hiếu: Đêm nay cô đơn Nếu không nói ra thì Ngày mai con tim anh cũng sẽ trở thành tảng đá Lang Thang đôi chân giữa đêm giá băng anh lại đi vào quán đêm mắt đỏ bửng trên gò má Giá như có ai [có thể hiểu] được Những gì mà anh đã từng trải qua trong cuộc chơi này Vài năm nữa thôi sẽ mang hết tất cả sự thật và ấm ức cả bức rức ra để phơi bày Ngắn: Chấm điếu thuốc lên mồi thở dài một hơi Thấy chút ánh sáng như hắt lại hình hài Ôm cơn mơ từ thuở ấu thơ khờ dại Ai cho ta ngày mai cho tình yêu cho ngày tháng đâm chồi Dăm chai bia lại say ta lại phiêu Cho một đĩa không mồi Ta ngân nga đi ba câu hát chơi với dòng đời Tâm tư ta như con thác chênh vênh thả trôi",1,True
"Ta vẫn nằm nghe mưa bay bên tai từng giờ Ta vẫn nằm nghe tiếng còi xe vang nơi đường phố Nhìn lại ta vẫn còn đây trong làn khói mập mờ Chẳng phải thở than vẫn mê mê man man chả nhớ Đêm nay cô đơn! Chấm điếu thuốc lên mồi thở dài một hơi Thấy chút ánh sáng như hắt lại hình hài Ôm cơn mơ từ thuở ấu thơ khờ dại Ai cho ta ngày mai cho tình yêu Cho ngày tháng đâm chồi Dăm chai bia lại say ta lại phiêu Cho một đĩa không mồi Ta ngân nga đi ba câu hát chơi vơi dòng đời Tâm tư ta như con thác chênh vênh thả trôi Huỳnh Công Hiếu: Em ơi nếu như và ngày mai mà anh chết thì anh không biết rằng em liệu có buồn không Bởi vì tâm hồn của anh là một ngày hạ và con tim của em là mặt trời vào mùa đông Anh biết là lâu quá rồi anh không freestyle hay làm vài ba chai cùng với thằng bạn anh Và anh chơi nhạc rap thì cũng chỉ vì đam mê chứ đâu phải là cách để cho bản thân anh rạng danh Và bao nhiêu thành phố mà đôi chân anh đi qua, quá nhiều cô gái nhưng không làm anh sao xuyến Anh chạy theo đam mê để nuôi sống gia đình, không ai được phép làm trái tim em đau điếng Đêm nay anh say nên anh sẽ nói ra bao nhiêu tâm tư ở trong anh bấy lâu nay Cuộc sống này chưa từng đối đãi công bằng nên anh chọn cách đã phải viết cả bài này Ngày hôm đó anh bị thằng chủ đuổi, tiền phải kiếm cho dù bị chửi đủ Thời niên thiếu gia đình Huỳnh Công Hiếu Tiền không thiếu nhưng mà cũng chỉ đủ Ai cũng muốn là mình được làm chủ nhỉ Trưởng thành mau để ông già còn ngủ nghỉ Sau giờ tan làm có em ngồi cùng thủ thỉ Nếu mai anh giàu nếu mai anh giàu em sẽ trở thành thủ quỹ Anh không sinh ra từ một gia định viên chức chỉ có đôi bàn tay trắng nên không có nhiều tài sản Không được lập trình theo một cách thật bài bản tâm hồn anh là thủy thủ những ngày ra khơi ngoài cảng Chưa bao giờ nghĩ có một ngày mình nổi tiếng, được nhiều người biết và đọc rap trên kháng đài Hào quang sân khấu luôn nhắc nhở một điều là đừng trở thành nô lệ của cảm xúc theo tháng ngày Đêm nay cô đơn nếu không nói ra thì ngày mai con tim anh cũng sẽ trở thành tảng đá Lang thang đôi chân giữa đêm giá băng anh lại đi vào quán đêm mắt đỏ bửng trên gò má Giá như có ai [có thể hiểu] được những gì mà anh đã từng trải qua trong cuộc chơi này Vài năm nữa thôi sẽ mang hết tất cả sự thật và ấm ức cả bức rức ra để phơi bày Ngắn: Chấm điếu thuốc lên mồi thở dài một hơi Thấy chút ánh sáng như hắt lại hình hài Ôm cơn mơ từ thuở ấu cực thơ khờ dại Ai cho ta ngày mai cho tình yêu Cho ngày tháng đâm chồi Dăm chai bia lại say ta lại phiêu Cho một đĩa không mồi Ta ngân nga đi ba câu hát chơi vơi dòng đời Tâm tư ta như con thác chênh vênh thả trôi Xám: Oh anh không nghĩ là đêm nay anh cô đơn chỉ là do anh không cần thêm một ai bên cạnh Chai rượu Anh vừa rót vẫn còn đầy để âm nhạc được giải thoát không cần nhớ tên anh đâu Dăm ba câu chuyện mình cười nói cũng quên nhanh, thứ gì quá ngọt thì chịu khó bỏ thêm chanh Anh không muốn câu chuyện này tình tiết trở nên căng nên cứ về nhà và từ chối ở bên anh Và anh không cô đơn chắc chỉ đang cần một khoảng trống để tất cả mọi thứ ở số không Anh đóng luôn cửa sổ lấy thêm chai nữa rót cảm giác được nó phía trong Anh không cầm điện thoại chỉ có tiếng nhạc tiếp đi dù cho tâm can anh bất động Và dù cho đam mê đêm hôm qua như giấc mộng Và dù cho cơn đau Anh đang lan ra rất rộng Và dù cho thất vọng thì cứ lấy ra và nóc tiếp Dù cho anh say nên có lúc hay bị off beat Không có gạt tàn anh vẫn lấy thêm và đốt hết Em nói tình yêu là từ giúp ta được thoát chết Nhưng cuối cùng thì chẳng có gì chiến thắng được thời gian Chẳng biết khi nào thì trời sáng Anh từ từ chậm chậm đi đến hết đường hành lang Oh 6:30 mình rời quán Huỳnh Công Hiếu: Đêm nay cô đơn Nếu không nói ra thì Ngày mai con tim anh cũng sẽ trở thành tảng đá Lang Thang đôi chân giữa đêm giá băng anh lại đi vào quán đêm mắt đỏ bửng trên gò má Giá như có ai [có thể hiểu] được Những gì mà anh đã từng trải qua trong cuộc chơi này Vài năm nữa thôi sẽ mang hết tất cả sự thật và ấm ức cả bức rức ra để phơi bày Ngắn: Chấm điếu thuốc lên mồi thở dài một hơi Thấy chút ánh sáng như hắt lại hình hài Ôm cơn mơ từ thuở ấu thơ khờ dại Ai cho ta ngày mai cho tình yêu cho ngày tháng đâm chồi Dăm chai bia lại say ta lại phiêu Cho một đĩa không mồi Ta ngân nga đi ba câu hát chơi với dòng đời Tâm tư ta như con thác chênh vênh thả trôi",1,True
Áp lực gia đình áp lực học tập thật đáng sợ 😭😭😭😭😭😭😭😭😭,1,False
Áp lực gia đình áp lực học tập thật đáng hoảng sợ 😭😭😭😭😭😭😭😭😭,1,True
Áp lực gia đình áp vô cùng lực học tập thật đáng sợ 😭😭😭😭😭😭😭😭😭,1,True
Xác nhận là áp lực công việc ảnh hưởng tới trầm cảm.,1,False
Xác nhận lắm là áp lực công việc ảnh hưởng tới trầm cảm.,1,True
Xác nhận là áp lực công việc hưởng ảnh tới trầm cảm.,1,True
"Ở VN gần như đứa trẻ nào cũng có tổn thương về gia đình, mình k ở nc ngoài bh nên k biết họ thế nào. Bản thân mình cũng phải tự nhìn lại bản thân, đọc nhiều sách dạy con (mà đọc những quyển đấy mình thấy đứa trẻ đang bị tổn thương trong mình nhiều hơn), dạy mình, với mong muốn con mình sẽ k gặp phải toxic parents, k phải trải qua những cảm xúc tiêu cực đến muốn tự tử như mình. Có 1 quyển sách của Nhật ""Mẹ cáu giận, con hư hỏng"" mà mọi cha mẹ nào cũng nên đọc một lần.",1,False
"Ở VN gần như đứa trẻ nào cũng có tổn thương về gia đình, mình k ở nc ngoài bh nên k biết họ thế nào. Bản thân mình cũng phải tự nhìn lại bản thân, đọc nhiều sách dạy con (mà đọc những quyển đấy mình thấy đứa trẻ lắm đang bị tổn thương trong mình nhiều hơn), dạy mình, với mong muốn con mình sẽ k gặp phải toxic parents, k phải trải qua những cảm xúc tiêu cực đến muốn tự tử như mình. Có 1 quyển sách của Nhật ""Mẹ cáu giận, con hư hỏng"" mà mọi cha mẹ nào cũng nên đọc một lần.",1,True
"Ở VN gần như đứa trẻ nào cũng có tổn thương về gia đình, mình k ở nc ngoài bh nên k biết họ thế nào. Bản sẽ mình cũng phải tự nhìn lại bản thân, đọc nhiều sách dạy con (mà đọc những quyển đấy mình thấy đứa trẻ đang bị tổn thương trong mình nhiều hơn), dạy mình, với mong muốn con mình thân k gặp phải toxic parents, k phải trải qua những cảm xúc tiêu cực đến muốn tự tử như mình. Có 1 quyển sách của Nhật ""Mẹ cáu giận, con hư hỏng"" mà mọi cha mẹ nào cũng nên đọc một lần.",1,True
"Hạ Vy – Nữ Tỷ Phú Trở Lại Thượng Hải Hạ Vy sinh ra trong một ngôi làng nhỏ ven sông, nơi những cánh đồng lúa trải dài, gió thổi rì rào qua mái nhà tranh ọp ẹp, và tiếng gà gáy vang từ sáng sớm đến trưa. Ngôi làng nhỏ như bức tranh bình yên, nhưng lại là cả thế giới hẹp hòi đối với cô gái trẻ, người luôn khát khao thoát khỏi nghèo khó. Cha cô, ông Hạ Minh, cả đời làm ruộng, nghiêm khắc nhưng đầy lo lắng cho tương lai con gái. Mẹ cô, bà Lan, hiền lành, tần tảo, lúc nào cũng canh cánh nỗi niềm: “Con bé thông minh vậy, sao lại khổ…” Hạ Vy từ nhỏ đã nhạy bén, thông minh, luôn quan sát xung quanh. Cô biết rằng, nếu muốn thoát khỏi cảnh nghèo, cô phải dựa vào chính mình hoặc tìm một cơ hội lớn. Nhưng cơ hội nào có sẵn trong một làng quê nhỏ bé, nơi người ta quen với cuộc sống bình lặng, không mơ mộng? Cô thường ngồi bên bờ sông, nhìn mặt nước lấp lánh dưới ánh nắng buổi sáng, tự nhủ: “Một ngày nào đó, mình sẽ rời khỏi đây. Mình sẽ sống theo cách mình muốn, không ai có quyền quyết định số phận mình.” Khi Hạ Vy tròn 22 tuổi, cha mẹ cô quyết định: cô phải gả cho một người giàu có ở Thượng Hải – Lục Thiên Hạo, tỷ phú quyền lực, nổi tiếng lạnh lùng, quyết đoán, khối tài sản khổng lồ và quyền lực áp đảo trên thương trường. Hạ Vy chưa từng gặp anh, nhưng chỉ nghe danh thôi cũng đủ sợ. Trong lòng vừa lo lắng vừa háo hức, cô biết: đây là cơ hội thoát khỏi nghèo khó, nhưng cũng là thử thách khắc nghiệt. Ngày rời làng, cô mang theo ít hành lý, lòng tràn hy vọng nhưng cũng đầy sợ hãi. Nhìn lại ngôi nhà tranh, cô lẩm nhẩm trong lòng: “Mình sẽ không trở lại như trước nữa. Mình sẽ mạnh mẽ. Mình sẽ không để ai quyết định số phận mình."" Căn biệt thự của Lục Thiên Hạo ở Thượng Hải rực rỡ đến mức Hạ Vy choáng ngợp. Sàn nhà bóng loáng, cầu thang dát thảm đỏ trải dài, ánh sáng từ đèn chùm vàng lấp lánh phản chiếu khắp nơi. Lục Thiên Hạo xuất hiện: cao lớn, ánh mắt sắc lạnh, giọng nói trầm mà dứt khoát: “Chào cô, Hạ Vy.” Cô cúi đầu, giọng run run: “Chào anh, Lục Thiên Hạo.” Anh chỉ gật nhẹ rồi quay ra cửa sổ, ánh mắt nhìn xa xăm ra thành phố. Ngay từ giây phút đầu, Hạ Vy nhận ra: anh là người không dễ gần, không dễ rung động và không dễ thay đổi. Những ngày sau đó là chuỗi ngày thử thách với cô. Hạ Vy học mọi thứ về công ty: quản lý nhân sự, chiến lược đầu tư, thị trường bất động sản, cổ phiếu, các hợp đồng quốc tế. Cô muốn chứng minh giá trị bản thân, không chỉ là một cô gái được gả vào nhà giàu. Nhưng Lục Thiên Hạo vẫn giữ khoảng cách. Anh coi cô như cộng sự tiện lợi, không hơn. Mỗi lời khen hiếm hoi cũng chỉ là khẽ gật đầu. Hạ Vy bắt đầu cảm thấy cô đơn trong chính hôn nhân của mình. Cô cố gắng nhẫn nhịn, cố gắng chứng minh, nhưng đôi khi chỉ nhận về ánh mắt lạnh lùng: “Đừng can thiệp vào việc của tôi.” Cô học cách kiềm chế cảm xúc, tự nhủ: “Mình sẽ không dựa dẫm vào ai nữa. Mình sẽ sống và làm việc bằng chính khả năng của mình.” Một buổi chiều, Hạ Vy tình cờ thấy Lục Thiên Hạo bên An Nhiên, cô gái xinh đẹp, nũng nịu, thủ đoạn, trong phòng làm việc riêng. Ánh mắt anh dành cho An Nhiên ấm áp, thân mật, hoàn toàn khác với cô. Anh đứng về phía người tình, nghe theo mọi yêu cầu của An Nhiên, thậm chí để cô ấy quyết định chuyện gia đình và công ty. Ba mẹ chồng Hạ Vy cũng bị thao túng, luôn đứng về phía An Nhiên. Trái tim Hạ Vy vỡ vụn, nhưng cô không khóc. Cô biết: sự im lặng, bình tĩnh và rời đi là cách trả thù tốt nhất. Sau nhiều đêm trằn trọc, Hạ Vy đưa ra quyết định: ly hôn. Cô rời đi, không oán hận, chỉ mang theo quyết tâm tự lập. Cảnh ly hôn kéo dài, căng thẳng: đóng gói hành lý, ánh mắt Lục Thiên Hạo lạnh lùng, không một lời níu kéo, lời nói ngắn gọn nhưng sắc bén: “Chuyện kết thúc rồi. Chúc cô may mắn.” Hạ Vy bước ra khỏi biệt thự, trái tim trống rỗng, nhưng đôi mắt đầy quyết tâm: “Mình sẽ chứng minh giá trị bản thân. Mình sẽ không bao giờ quay lại như trước.” Ba năm sau, Hạ Vy biến mất khỏi Thượng Hải. Cô học tập, xây dựng công ty từ con số 0. Văn phòng đầu tiên chỉ có một bàn gỗ cũ, laptop, tấm bảng trắng, và một tấm lòng quyết tâm. Cô gặp gỡ đối tác, học cách đàm phán, ký hợp đồng, thất bại, đứng dậy, học hỏi từng bước. Từng dự án, từng bước đi đều khiến cô ngày một mạnh mẽ, bản lĩnh hơn. Dần dần, Hạ Vy trở thành Elena Ha, nữ tỷ phú quyền lực. Mỗi bước đi, ánh mắt, nụ cười đều toát ra thần thái tự tin, khiến đối tác và nhân viên kính trọng. Không chỉ mạnh về tài chính, Elena Ha còn biết che giấu nỗi đau, biến nó thành động lực để tiến lên. Mỗi lần nghe tên Lục Thiên Hạo, trong lòng cô chỉ còn sự bình thản: “Mình không cần anh. Mình tự lo được.” Công ty cô dần mở rộng ra quốc tế, đối thủ phải dè chừng, nhân viên ngưỡng mộ, các hợp đồng lớn liên tiếp ký kết thành công. Elena Ha trở thành biểu tượng: người phụ nữ mạnh mẽ, độc lập, vừa xinh đẹp vừa quyền lực. Ba năm sau khi rời Thượng Hải, Elena Ha quyết định trở lại. Thời điểm cô chọn là đúng ngày Lục Thiên Hạo kết hôn với An Nhiên. Tiệc cưới xa hoa diễn ra trong khách sạn 5 sao, ánh đèn rực rỡ, âm nhạc vang lên náo nhiệt. Khách mời tụ tập đông đủ, nhưng",1,False
"Hạ Vy – Nữ Tỷ Phú Trở Lại Thượng Hải Hạ Vy sinh ra trong một ngôi làng nhỏ ven sông, nơi những cánh đồng lúa trải dài, gió thổi rì rào qua mái nhà tranh ọp ẹp, và tiếng gà gáy vang từ sáng sớm đến trưa. Ngôi làng nhỏ như bức tranh bình yên, nhưng lại là cả thế giới hẹp hòi đối với cô gái trẻ, người luôn khát khao thoát khỏi nghèo khó. Cha cô, ông Hạ Minh, cả đời làm ruộng, nghiêm khắc nhưng đầy lo lắng cho tương lai con gái. Mẹ cô, bà Lan, hiền lành, tần tảo, lúc nào cũng canh cánh nỗi niềm: “Con bé thông minh vậy, sao lại khổ…” Hạ Vy từ nhỏ đã nhạy bén, thông minh, luôn quan sát xung quanh. Cô biết rằng, nếu muốn thoát khỏi cảnh nghèo, cô phải dựa vào chính mình hoặc tìm một cơ hội lớn. Nhưng cơ hội nào có sẵn trong một làng quê nhỏ bé, nơi người ta quen với cuộc sống bình lặng, không mơ mộng? Cô thường ngồi bên bờ sông, nhìn mặt nước lấp lánh dưới ánh nắng buổi sáng, tự nhủ: “Một ngày nào đó, mình sẽ rời khỏi đây. Mình sẽ sống theo cách mình muốn, không ai có quyền quyết định số phận mình.” Khi Hạ Vy tròn 22 tuổi, cha mẹ cô quyết định: cô phải gả cho một người giàu có ở Thượng Hải – Lục Thiên Hạo, tỷ phú quyền lực, nổi tiếng lạnh lùng, quyết đoán, khối tài sản khổng lồ và quyền lực áp đảo trên thương trường. Hạ Vy chưa từng gặp anh, nhưng chỉ nghe danh thôi cũng đủ sợ. Trong lòng vừa lo lắng vừa háo hức, cô biết: đây là cơ hội thoát khỏi nghèo khó, nhưng cũng là thử thách khắc nghiệt. Ngày rời làng, cô mang theo ít hành lý, lòng tràn hy vọng nhưng cũng đầy kinh hoàng hãi. Nhìn lại ngôi nhà tranh, cô lẩm nhẩm trong lòng: “Mình sẽ không trở lại như trước nữa. Mình sẽ mạnh mẽ. Mình sẽ không để ai quyết định số phận mình."" Căn biệt thự của Lục Thiên Hạo ở Thượng Hải rực rỡ đến mức Hạ Vy choáng ngợp. Sàn nhà bóng loáng, cầu thang dát thảm đỏ trải dài, ánh sáng từ đèn chùm vàng lấp lánh phản chiếu khắp nơi. Lục Thiên Hạo xuất hiện: cao lớn, ánh mắt sắc lạnh, giọng nói trầm mà dứt khoát: “Chào cô, Hạ Vy.” Cô cúi đầu, giọng run run: “Chào anh, Lục Thiên Hạo.” Anh chỉ gật nhẹ rồi quay ra cửa sổ, ánh mắt nhìn xa xăm ra thành phố. Ngay từ giây phút đầu, Hạ Vy nhận ra: anh là người không dễ gần, không dễ rung động và không dễ thay đổi. Những ngày sau đó là chuỗi ngày thử thách với cô. Hạ Vy học mọi thứ về công ty: quản lý nhân sự, chiến lược đầu tư, thị trường bất động sản, cổ phiếu, các hợp đồng quốc tế. Cô muốn chứng minh giá trị bản thân, không chỉ là một cô gái được gả vào nhà giàu. Nhưng Lục Thiên Hạo vẫn giữ khoảng cách. Anh coi cô như cộng sự tiện lợi, không hơn. Mỗi lời khen hiếm hoi cũng chỉ là khẽ gật đầu. Hạ Vy bắt đầu cảm thấy cô đơn trong chính hôn nhân của mình. Cô cố gắng nhẫn nhịn, cố gắng chứng minh, nhưng đôi khi chỉ nhận về ánh mắt lạnh lùng: “Đừng can thiệp vào việc của tôi.” Cô học cách kiềm chế cảm xúc, tự nhủ: “Mình sẽ không dựa dẫm vào ai nữa. Mình sẽ sống và làm việc bằng chính khả năng của mình.” Một buổi chiều, Hạ Vy tình cờ thấy Lục Thiên Hạo bên An Nhiên, cô gái xinh đẹp, nũng nịu, thủ đoạn, trong phòng làm việc riêng. Ánh mắt anh dành cho An Nhiên ấm áp, thân mật, hoàn toàn khác với cô. Anh đứng về phía người tình, nghe theo mọi yêu cầu của An Nhiên, thậm chí để cô ấy quyết định chuyện gia đình và công ty. Ba mẹ chồng Hạ Vy cũng bị thao túng, luôn đứng về phía An Nhiên. Trái tim Hạ Vy vỡ vụn, nhưng cô không khóc. Cô biết: sự im lặng, bình tĩnh và rời đi là cách trả thù tốt nhất. Sau nhiều đêm trằn trọc, Hạ Vy đưa ra quyết định: ly hôn. Cô rời đi, không oán hận, chỉ mang theo quyết tâm tự lập. Cảnh ly hôn kéo dài, căng thẳng: đóng gói hành lý, ánh mắt Lục Thiên Hạo lạnh lùng, không một lời níu kéo, lời nói ngắn gọn nhưng sắc bén: “Chuyện kết thúc rồi. Chúc cô may mắn.” Hạ Vy bước ra khỏi biệt thự, trái tim trống rỗng, nhưng đôi mắt đầy quyết tâm: “Mình sẽ chứng minh giá trị bản thân. Mình sẽ không bao giờ quay lại như trước.” Ba năm sau, Hạ Vy biến mất khỏi Thượng Hải. Cô học tập, xây dựng công ty từ con số 0. Văn phòng đầu tiên chỉ có một bàn gỗ cũ, laptop, tấm bảng trắng, và một tấm lòng quyết tâm. Cô gặp gỡ đối tác, học cách đàm phán, ký hợp đồng, thất bại, đứng dậy, học hỏi từng bước. Từng dự án, từng bước đi đều khiến cô ngày một mạnh mẽ, bản lĩnh hơn. Dần dần, Hạ Vy trở thành Elena Ha, nữ tỷ phú quyền lực. Mỗi bước đi, ánh mắt, nụ cười đều toát ra thần thái tự tin, khiến đối tác và nhân viên kính trọng. Không chỉ mạnh về tài chính, Elena Ha còn biết che giấu nỗi đau, biến nó thành động lực để tiến lên. Mỗi lần nghe tên Lục Thiên Hạo, trong lòng cô chỉ còn sự bình thản: “Mình không cần anh. Mình tự lo được.” Công ty cô dần mở rộng ra quốc tế, đối thủ phải dè chừng, nhân viên ngưỡng mộ, các hợp đồng lớn liên tiếp ký kết thành công. Elena Ha trở thành biểu tượng: người phụ nữ mạnh mẽ, độc lập, vừa xinh đẹp vừa quyền lực. Ba năm sau khi rời Thượng Hải, Elena Ha quyết định trở lại. Thời điểm cô chọn là đúng ngày Lục Thiên Hạo kết hôn với An Nhiên. Tiệc cưới xa hoa diễn ra trong khách sạn 5 sao, ánh đèn rực rỡ, âm nhạc vang lên náo nhiệt. Khách mời tụ tập đông đủ, nhưng",1,True
"Hạ Vy – Nữ Tỷ Phú Trở Lại Thượng Hải Hạ Vy sinh ra trong một ngôi làng nhỏ ven sông, nơi những cánh đồng lúa trải dài, gió thổi rì rào qua mái nhà tranh ọp ẹp, và tiếng gà gáy vang từ sáng sớm đến trưa. Ngôi làng nhỏ như bức tranh bình yên, nhưng lại là cả thế giới hẹp hòi đối với cô gái trẻ, người luôn khát khao thoát khỏi nghèo khó. Cha cô, ông Hạ Minh, cả đời làm ruộng, nghiêm khắc nhưng đầy lo lắng cho tương lai con gái. Mẹ cô, bà Lan, hiền lành, tần tảo, lúc nào cũng canh cánh nỗi niềm: “Con bé thông minh vậy, sao lại khổ…” Hạ Vy từ nhỏ đã nhạy bén, thông minh, luôn quan sát xung quanh. Cô biết rằng, nếu muốn thoát khỏi cảnh nghèo, cô phải dựa vào chính mình hoặc tìm một cơ hội lớn. Nhưng cơ hội nào có sẵn trong một làng quê nhỏ bé, nơi người ta quen với cuộc sống bình lặng, không mơ mộng? Cô thường ngồi bên bờ sông, nhìn mặt nước lấp lánh dưới ánh nắng buổi sáng, tự nhủ: “Một ngày nào đó, mình sẽ rời khỏi đây. Mình sẽ sống theo cách mình muốn, không ai có quyền quyết định số phận mình.” Khi Hạ Vy tròn 22 tuổi, cha mẹ cô quyết định: cô phải gả cho một người giàu có ở Thượng Hải – Lục Thiên Hạo, tỷ phú quyền lực, nổi tiếng lạnh lùng, quyết đoán, khối tài sản khổng lồ và quyền lực áp đảo trên thương trường. Hạ Vy chưa từng gặp anh, nhưng chỉ nghe danh thôi cũng đủ sợ. Trong lòng vừa lo lắng vừa háo hức, cô biết: đây là cơ hội thoát khỏi nghèo khó, nhưng cũng là thử thách khắc nghiệt. Ngày rời làng, cô mang theo ít hành lý, lòng tràn hy vọng nhưng cũng đầy sợ hãi. Nhìn lại ngôi nhà tranh, cô lẩm nhẩm trong lòng: “Mình sẽ không trở lại như trước nữa. Mình sẽ mạnh mẽ. Mình sẽ không để ai quyết định số phận mình."" Căn biệt thự của Lục Thiên Hạo ở Thượng Hải rực rỡ đến mức Hạ Vy choáng ngợp. Sàn nhà bóng loáng, cầu thang dát thảm đỏ trải dài, ánh sáng từ đèn chùm vàng lấp lánh phản chiếu khắp nơi. Lục Thiên Hạo xuất hiện: cao lớn, ánh mắt sắc lạnh, giọng nói trầm mà dứt khoát: “Chào cô, Hạ Vy.” Cô cúi đầu, giọng run run: “Chào anh, Lục Thiên Hạo.” Anh chỉ gật nhẹ rồi quay ra cửa sổ, ánh mắt nhìn xa xăm ra thành phố. Ngay từ giây phút đầu, Hạ Vy nhận ra: anh là người không dễ gần, không dễ rung động và không dễ thay đổi. Những ngày sau đó là chuỗi ngày thử thách với cô. Hạ Vy học mọi thứ về công ty: quản lý nhân sự, chiến lược đầu tư, thị trường bất động sản, cổ phiếu, các hợp đồng quốc tế. Cô muốn chứng minh giá trị bản thân, không chỉ là một cô gái được gả vào nhà giàu. Nhưng Lục Thiên Hạo vẫn giữ khoảng cách. Anh coi cô như cộng sự tiện lợi, không hơn. Mỗi lời khen hiếm hoi cũng chỉ là khẽ gật đầu. Hạ Vy bắt đầu cảm thấy cô đơn trong chính hôn nhân của mình. Cô cố gắng nhẫn nhịn, cố gắng chứng minh, nhưng đôi khi chỉ nhận về ánh mắt lạnh lùng: “Đừng can thiệp vào việc của tôi.” Cô học cách kiềm chế cảm xúc, tự nhủ: “Mình sẽ không dựa dẫm vào ai nữa. Mình sẽ sống và làm việc bằng chính khả năng của mình.” Một buổi chiều, Hạ Vy tình cờ thấy Lục Thiên Hạo bên An Nhiên, cô gái xinh đẹp, nũng nịu, thủ đoạn, trong phòng làm việc riêng. Ánh mắt anh dành cho An Nhiên ấm áp, thân mật, hoàn toàn khác với cô. Anh đứng về phía người tình, nghe theo mọi yêu cầu của An Nhiên, thậm chí để cô ấy quyết định chuyện gia kinh đình và công ty. Ba mẹ chồng Hạ Vy cũng bị thao túng, luôn đứng về phía An Nhiên. Trái tim Hạ Vy vỡ vụn, nhưng cô không khóc. Cô biết: sự im lặng, bình tĩnh và rời đi là cách trả thù tốt nhất. Sau nhiều đêm trằn trọc, Hạ Vy đưa ra quyết định: ly hôn. Cô rời đi, không oán hận, chỉ mang theo quyết tâm tự lập. Cảnh ly hôn kéo dài, căng thẳng: đóng gói hành lý, ánh mắt Lục Thiên Hạo lạnh lùng, không một lời níu kéo, lời nói ngắn gọn nhưng sắc bén: “Chuyện kết thúc rồi. Chúc cô may mắn.” Hạ Vy bước ra khỏi biệt thự, trái tim trống rỗng, nhưng đôi mắt đầy quyết tâm: “Mình sẽ chứng minh giá trị bản thân. Mình sẽ không bao giờ quay lại như trước.” Ba năm sau, Hạ Vy biến mất khỏi Thượng Hải. Cô học tập, xây dựng công ty từ con số 0. Văn phòng đầu tiên chỉ có một bàn gỗ cũ, laptop, tấm bảng trắng, và một tấm lòng quyết tâm. Cô gặp gỡ đối tác, học cách đàm phán, ký hợp đồng, thất bại, đứng dậy, học hỏi từng bước. Từng dự án, từng bước đi đều khiến cô ngày một mạnh mẽ, bản lĩnh hơn. Dần dần, Hạ Vy trở thành Elena Ha, nữ tỷ phú quyền lực. Mỗi bước đi, ánh mắt, nụ cười đều toát ra thần thái tự tin, khiến đối tác và nhân viên kính trọng. Không chỉ mạnh về tài chính, Elena Ha còn biết che giấu nỗi đau, biến nó thành động lực để tiến lên. Mỗi lần nghe tên Lục Thiên Hạo, trong lòng cô chỉ còn sự bình thản: “Mình không cần anh. Mình tự lo được.” Công ty cô dần mở rộng ra quốc tế, đối thủ phải dè chừng, nhân viên ngưỡng mộ, các hợp đồng lớn liên tiếp ký kết thành công. Elena Ha trở thành biểu tượng: người phụ nữ mạnh mẽ, độc lập, vừa xinh đẹp vừa quyền lực. Ba năm sau khi rời Thượng Hải, Elena Ha quyết định trở lại. Thời điểm cô chọn là đúng ngày Lục Thiên Hạo kết hôn với An Nhiên. Tiệc cưới xa hoa diễn ra trong khách sạn 5 sao, ánh đèn rực rỡ, âm nhạc vang lên náo nhiệt. Khách mời tụ tập đông đủ, nhưng",1,True
"Khi em cảm thấy tuyệt vọng với người thân , thứ em có thể cảm thấy thoải mái là nghe radio và nghe những video như vậy , em chỉ mới 18 tủi , nhưng em đã trải qua nhìu lần tuyệt vọng đến mức em muốn kết thúc cuộc đời , nhìu bạn ở tuổi em sao họ có thể sống thoải mái và vui vẻ đúng với những gì họ muốn , còn em chỉ có thể che giấu mà ao ước cuộc sống của ngkh và mong mình dc vui vẻ như họ , khi em cố gắng cố gắng để thư giãn để cho cảm xúc của em dc thay đổi để tốt qua từng ngày , e muốn mình cởi mở vui vẻ hơn nhưng người thân lại càng làm e áp lực và mệt mỏi hơn … em chỉ mong 1 ngày nào đó em sẽ có một cuộc sống vui vẻ thoải mái hơn hiện tại , e mong mình đủ sức để vượt qa nó",1,False
"Khi em cảm thấy tuyệt vọng với người thân , thứ em có thể cảm thấy thoải mái là nghe radio và nghe những video như vậy , em chỉ mới 18 tủi , nhưng em đã trải qua nhìu lần tuyệt vọng đến mức em muốn kết thúc cuộc đời , nhìu bạn ở tuổi em sao họ có thể sống thoải mái và hân hoan vẻ đúng với những gì họ muốn , còn em chỉ có thể che giấu mà ao ước cuộc sống của ngkh và mong mình dc vui vẻ như họ , khi em cố gắng cố gắng để thư giãn để cho cảm xúc của em dc thay đổi để tốt qua từng ngày , e muốn mình cởi mở vui vẻ hơn nhưng người thân lại càng làm e áp lực và mệt mỏi hơn … em chỉ mong 1 ngày nào đó em sẽ có một cuộc sống vui vẻ thoải mái hơn hiện tại , e mong mình đủ sức để vượt qa nó",1,True
"Khi em cảm thấy tuyệt vọng với người thân , thứ em có thể cảm thấy thoải mái là nghe radio và nghe những video như vậy , em chỉ mới 18 tủi , nhưng em đã trải qua nhìu lần tuyệt vọng đến mức em muốn kết thúc cuộc đời , nhìu bạn ở tuổi em sao họ có thể sống thoải mái và vui vẻ đúng với những gì họ muốn , còn em chỉ có thể dữ che giấu mà ao ước cuộc sống của ngkh và mong mình dc vui vẻ như họ , khi em cố gắng cố gắng để thư giãn để cho cảm xúc của em dc thay đổi để tốt qua từng ngày , e muốn mình cởi mở vui vẻ hơn nhưng người thân lại càng làm e áp lực và mệt mỏi hơn … em chỉ mong 1 ngày nào đó em sẽ có một cuộc sống vui vẻ thoải mái hơn hiện tại , e mong mình đủ sức để vượt qa nó",1,True
"em bây h không còn là ""tôi ổn"" nữa mà là cười bất chấp, cười giả tạo, cũng hết thứ làm em thật sự buồn. thấm thía . cảm ơn anh",1,False
"em bây h không còn là ""tôi ổn"" nữa mà là cười bất chấp, cười giả tạo, cũng hết thứ làm em thật sự buồn. thấm thía . cảm lắm ơn anh",1,True
"em bây h không còn là ""tôi ổn"" nữa mà là cười em chấp, cười giả tạo, cũng hết thứ làm bất thật sự buồn. thấm thía . cảm ơn anh",1,True
Tôi rối loạn lo Âu trầm cảm tái phát hơn mà uống thuốc không bớt,1,False
Tôi rối loạn lo Âu trầm cảm tái phát cực hơn mà uống thuốc không bớt,1,True
không rối loạn lo Âu trầm cảm tái phát hơn mà uống thuốc Tôi bớt,1,True
"Từ năm lớp 1 mình cũng thế,mình rất cô đơn xong lên lớp 2 á mình bị áp lực giá đình",1,False
"Từ năm lớp 1 mình cũng thế,mình rất cô cực đơn xong lên lớp 2 á mình bị áp lực giá đình",1,True
"Từ năm lớp 1 mình cũng thế,mình rất cô đơn xong lên lớp giá á mình bị áp lực 2 đình",1,True
"Ngày trước cứ tìm được điều gì sống được là ok, bỏ qua tất cả. Cũng muốn sống lắm",1,False
"Ngày trước cứ tìm được điều gì sống được là quá ok, bỏ qua tất cả. Cũng muốn sống lắm",1,True
"trước cứ tìm được điều sống được là ok, bỏ qua tất cả. Cũng muốn sống lắm",1,True
"""giữa cuộc sống áp lực và nhiều mệt mỏi như thế này, mỗi ngày hãy dành ra 1 ít thời gian trong ngày để tự trò chuyện và an ủi vs chính bản thân bạn, tự vuốt ve bản thân bạn- 1 người mà cũng đã cố gắng rất nhiều, cũng đã tổn thương và trầy trật rất nhiều, bởi vì cuộc sống này chưa bao giờ là dễ dàng với hầu hết chúng ta.""",1,False
"""giữa cuộc sống áp lực và nhiều mệt mỏi vô cùng như thế này, mỗi ngày hãy dành ra 1 ít thời gian trong ngày để tự trò chuyện và an ủi vs chính bản thân bạn, tự vuốt ve bản thân bạn- 1 người mà cũng đã cố gắng rất nhiều, cũng đã tổn thương và trầy trật rất nhiều, bởi vì cuộc sống này chưa bao giờ là dễ dàng với hầu hết chúng ta.""",1,True
"""giữa chưa sống áp lực và nhiều mệt mỏi như thế này, mỗi ngày hãy dành ra 1 ít thời gian trong ngày để tự trò chuyện và an ủi vs chính bản thân bạn, tự vuốt ve bản thân bạn- 1 người mà cũng đã cố gắng rất nhiều, cũng đã tổn thương và trầy trật rất nhiều, bởi vì cuộc sống này cuộc bao giờ là dễ dàng với hầu hết chúng ta.""",1,True
.. của mik chỉ quan tâm đến điểm số dù bt có rất nhiều ng nhảy lầu vì áp lực 😢 tôi hiện tại đã vô tâm và muốn trầm cảm không muốn tâm sự chỉ im lặng mà khóc 😢😢😢😢😢😢😢😢,1,False
.. của mik chỉ quan tâm đến điểm số dù bt có rất nhiều ng nhảy lầu vì áp lực 😢 tôi hiện tại đã vô tâm và muốn trầm cảm không lắm muốn tâm sự chỉ im lặng mà khóc 😢😢😢😢😢😢😢😢,1,True
.. của mik chỉ quan tâm đến điểm số dù bt có rất nhiều ng nhảy lầu vì im lực 😢 tôi hiện tại đã vô tâm và muốn trầm cảm không muốn tâm sự chỉ áp lặng mà khóc 😢😢😢😢😢😢😢😢,1,True
Mình lo âu trầm cảm 10 năm.Vẫn đang nỗ lực.Cảm ơn sự chia sẻ của chị❤,1,False
Mình lo âu trầm cảm 10 năm.Vẫn đang nỗ lực.Cảm ơn sự chia lắm sẻ của chị❤,1,True
Mình lo đang trầm cảm 10 năm.Vẫn âu nỗ lực.Cảm ơn sự chia sẻ của chị❤,1,True
"Lyric: Hôm nay thật khác Tinh mơ tôi thức dậy thật sớm Cuộn mền và gối vươn vai để lấy hơi thật sâu... Giờ đi đâu cũng thấy đông người đến lúc chỉ mong sống xa thành phố Tìm về nơi hoang sơ yên bình quên đi tôi đã sống thế nào... Chorus: Chơi vơi đứng giữa cuộc đời cô đơn không muốn về nhà Chờ mong ai nắm tay tôi sẻ chia và động lòng khi tôi khóc... Gió mát xua tan lo âu Non xanh che hết muộn sầu là nơi tôi muốn dừng lại: nơi tồn tại Thật Lòng và Cảm Thông (Giang tấu: I am lonely wherever I go What should I do? Why why... I am lonely wherever I go?) Lời 2: Đời người không những ngắn ngủi và chóng tàn Chỉ còn mình với chiếc bóng của chính mình Muốn hét lên những ngại ngần rồi biết chẳng có ai nghe lòng càng thêm chông chênh... "" I'm fine! Dont worry!"" (Thật ra là cô đơn) "" I Am not Okay"" (Lâu ngày tâm hồn trở nên trống rỗng) Chẳng tìm ra chân tình khiến người ta chỉ còn một thế giới hời hợt vô tâm Chorus cuối: Sẽ có những lúc nặng lòng Như băng qua suối ngược dòng Đừng buông xuôi giữa đêm đông Chút nữa thôi là Mặt Trời rực rỡ Cố gắng nuôi hy vọng rằng: ""cô đơn đâu phải cả đời!"" Thời gian dẫu muốn trêu tôi Bắt tôi đợi duyên Trời, đợi rất lâu! Không sao... tôi vẫn tự mình yên bình",1,False
"Lyric: Hôm nay thật khác Tinh mơ tôi thức dậy thật sớm Cuộn mền và gối vươn vai để lấy hơi thật sâu... Giờ đi đâu cũng thấy đông người đến lúc chỉ mong sống xa thành phố Tìm về nơi hoang sơ yên bình quên đi tôi đã sống thế nào... Chorus: Chơi vơi đứng giữa cuộc đời cô đơn không muốn về nhà Chờ mong ai nắm tay tôi sẻ chia và động lòng khi tôi khóc... Gió mát xua tan lo âu Non xanh che hết muộn sầu là nơi tôi muốn dừng lại: nơi tồn tại Thật Lòng và Cảm Thông (Giang tấu: I am lonely wherever I go What should I do? Why why... I am lonely wherever I go?) Lời 2: Đời người không những ngắn ngủi và chóng tàn Chỉ còn mình với chiếc bóng của chính mình Muốn hét lên những ngại ngần rồi biết chẳng có ai nghe lòng càng dữ thêm chông chênh... "" I'm fine! Dont worry!"" (Thật ra là cô đơn) "" I Am not Okay"" (Lâu ngày tâm hồn trở nên trống rỗng) Chẳng tìm ra chân tình khiến người ta chỉ còn một thế giới hời hợt vô tâm Chorus cuối: Sẽ có những lúc nặng lòng Như băng qua suối ngược dòng Đừng buông xuôi giữa đêm đông Chút nữa thôi là Mặt Trời rực rỡ Cố gắng nuôi hy vọng rằng: ""cô đơn đâu phải cả đời!"" Thời gian dẫu muốn trêu tôi Bắt tôi đợi duyên Trời, đợi rất lâu! Không sao... tôi vẫn tự mình yên bình",1,True
"Lyric: Hôm nay thật khác Tinh mơ tôi thức dậy thật sớm Cuộn mền và gối vươn vai để lấy hơi thật sâu... Giờ đi đâu cũng thấy đông người đến lúc chỉ mong sống xa thành phố Tìm về nơi hoang sơ yên bình quên đi tôi đã sống thế nào... Chorus: Chơi vơi đứng giữa cuộc đời cô đơn không muốn về nhà Chờ mong ai nắm tay tôi sẻ chia và động lòng khi tôi khóc... Gió mát xua Như lo âu Non xanh che hết muộn sầu là nơi tôi muốn dừng lại: nơi tồn tại Thật Lòng và Cảm Thông (Giang tấu: I am lonely wherever I go What should I do? Why why... I am lonely wherever I go?) Lời 2: Đời người không những ngắn ngủi và chóng tàn Chỉ còn mình với chiếc bóng của chính mình Muốn hét lên những ngại ngần rồi biết chẳng có ai nghe lòng càng thêm chông chênh... "" I'm fine! Dont worry!"" (Thật ra là cô đơn) "" I Am not Okay"" (Lâu ngày tâm hồn trở nên trống rỗng) Chẳng tìm ra chân tình khiến người ta chỉ còn một thế giới hời hợt vô tâm Chorus cuối: Sẽ có những lúc nặng lòng tan băng qua suối ngược dòng Đừng buông xuôi giữa đêm đông Chút nữa thôi là Mặt Trời rực rỡ Cố gắng nuôi hy vọng rằng: ""cô đơn đâu phải cả đời!"" Thời gian dẫu muốn trêu tôi Bắt tôi đợi duyên Trời, đợi rất lâu! Không sao... tôi vẫn tự mình yên bình",1,True
"Chính gia đình làm tôi tổn thương rất nhiều, thâm chí tôi còn muốn chết cả mấy lần.",1,False
"Chính gia đình làm tôi tổn thương rất nhiều, thâm chí tôi còn muốn chết quá cả mấy lần.",1,True
"Chính gia nhiều, làm tôi tổn thương rất đình thâm chí tôi còn muốn chết cả mấy lần.",1,True
Tôi ước j tôi chưa sinh ra đời này nhiều lúc cũng muốn nhắm mắt mãi mãi và ngủ thật lâu và coi như chưa có chuyện j sảy ra 😌🙃😞😔,1,False
lắm Tôi ước j tôi chưa sinh ra đời này nhiều lúc cũng muốn nhắm mắt mãi mãi và ngủ thật lâu và coi như chưa có chuyện j sảy ra 😌🙃😞😔,1,True
Tôi ước j tôi chưa sinh ra đời này nhiều lúc cũng muốn nhắm mắt mãi mãi và ngủ thật lâu và 😌🙃😞😔 như chưa có chuyện j sảy ra coi,1,True
Thích nhất clip này của bác sĩ...coi đi coi lại hoài đúng chứng bệnh của con...con không biết chán luôn...mặc dù con vẫn trầm cảm.,1,False
Thích nhất clip này của bác sĩ...coi đi coi lại hoài đúng chứng bệnh của vô con...con không biết chán luôn...mặc dù con vẫn trầm cảm.,1,True
Thích nhất clip này của bác sĩ...coi đi coi lại hoài đúng chứng bệnh luôn...mặc con...con không biết chán của dù con vẫn trầm cảm.,1,True
khi coi biết bản thân bị trầm cảm :),1,False
khi coi biết bản thân bị trầm cảm vô :),1,True
khi coi biết bản thân trầm bị cảm :),1,True
Sư phụ kính yêu. Con biết ơn thầy vị thầy chữa lành trầm cảm trong con. Vết thương của con đã dần lành lại.,1,False
Sư phụ kính yêu. Con biết ơn cực thầy vị thầy chữa lành trầm cảm trong con. Vết thương của con đã dần lành lại.,1,True
Sư con kính yêu. Con biết ơn thầy vị thầy chữa lành trầm cảm trong con. Vết thương của phụ đã dần lành lại.,1,True
"Nó chỉ lo thay đổi người khác mà quên thay đổi bản thân mình Nó tự buồn tự ngẫm nghĩ Thời nay làm gì có chân tình Ngoảnh đi ngoảnh lại nó vẫn 1 mình Chạy theo thời gian đang trôi nhanh Người nó yêu cũng rời bỏ nó Vì lý do nó chưa trưởng thành Nó lấy áp lực chuyển thành niềm vui Để phân phát vào từng câu chữ Nó rơi nước mắt vì người nó yêu Nó còn bận tâm rất là nhiều thứ Nó cô đơn hơn những gì nó kể Nó đâu còn gì để mà bám víu Đúng là đời nó bạc như vôi Nó cần liều thuốc chữa lành tình yêu Thứ đắng nhất không phải là thuốc Mà khi ta nếm nước mắt của mình Thứ khiến ta say không phải là rượu Mà là hợp âm của chính chữ tình Lúc nó nghèo không người ngồi cạnh Lúc nó sai không người bao dung Những gì họ nói về nó Tất cả mọi thứ chắc gì là đúng Sài gòn xa hoa nó bôn ba Tự mình gánh chịu những mệt mỏi Tâm nó tưởng là nở hoa Ngờ đâu ngoài kia là mệt nhoài Có người nhau gặp để trả nợ Có người gặp để nối duyên xưa Nó chờ điều đẹp tới Như đợi cầu vồng ẩn nấp sau mưa Hook : Nó từng mơ mái nhà nho nhỏ nhưng đời lại dạy nó cách co ro Đồng tiền biến nó từ đứa trẻ trở thành 1 kẻ tính toán so đo Có những tối chẳng gì để thở ngoài điếu thuốc , tiếng lặng trong tim Nó thẫn thờ giữa phiên chợ đời muốn kết thúc cho sớm xong phim Nó không chọn lối đi như thế , mà số phận buộc chân phải giẫm đá Mà tình yêu thì đâu thể lựa trong tay cũng không có mã giảm giá Có lần say nó cười trong quán nụ cười vang giữa những gã điên tình Cũng chẳng có một ai cạnh nó chỉ có bản thân nó tự khuyên mình Ver 2 : Nó chỉ lo trở thành người tốt mà quên mất mình xấu dáng vẻ ngoài Tay bám bụi không dám dụi mắt nên cứ ngỡ rằng mình sẽ trẻ hoài Nó mãi lo trời đổ mưa bạc , sẽ xóa hết những thứ thâm kim Mà đâu biết triệu giọt mưa ấy mới là nguồn cơn khiến nó đau tim Cô đơn hơn câu từ dang dở , viết nửa chừng chẳng muốn ghi thêm Ai cũng tưởng là nó mạnh mẽ trước lúc nó khóc vào khi đêm Nó chuyển buồn bã vào đám khói , thả lên trời tan biến theo mây Nó sở hữu chiếc vòng lời nhắc không rời phút nào khi luôn đeo tay ( vòng safe pins) Thứ đắng nhất không nằm trong vị mà ở trong lòng nơi chẳng ai hay Không phải men làm nó chếnh choáng là do đời vùi nên mắt hay cay Có người vội lướt qua như gió , người ở lại để đợi hóa giông Nó xem người là vàng bạc mà đời trả lại toàn sỏi đá không Có người đến ở giữa bể dâu để nó có nỗi đau đầu đời Có người đến khai sáng cho mắt để nó thấy rõ được sắc màu trời Sài Gòn không cứu được nó , khi lướt qua rồi còn lưu tên nhau Nó chỉ lo người sẽ lại khổ , nên xin được phép phải dừng bên nhau",1,False
"Nó chỉ lo thay đổi người khác mà quên thay đổi bản thân mình Nó tự buồn tự ngẫm nghĩ Thời nay làm gì có chân tình Ngoảnh đi ngoảnh lại nó vẫn 1 mình Chạy theo thời gian đang trôi nhanh Người nó yêu cũng rời bỏ nó Vì lý do nó chưa trưởng thành Nó lấy áp lực chuyển thành niềm vui Để phân phát vào từng câu chữ Nó rơi nước mắt vì người nó yêu Nó còn bận tâm rất là nhiều thứ Nó cô đơn hơn những gì nó kể Nó đâu còn gì để mà bám víu Đúng là đời nó bạc như vôi Nó cần liều thuốc chữa lành tình yêu Thứ đắng nhất không phải là thuốc Mà khi ta nếm nước mắt của mình Thứ khiến ta say không phải là rượu Mà là hợp âm của chính chữ tình Lúc nó nghèo không người ngồi cạnh Lúc nó sai không người bao dung Những gì họ nói về nó Tất cả mọi thứ chắc gì là đúng Sài gòn xa hoa nó bôn ba Tự mình gánh chịu những mệt mỏi Tâm nó tưởng là nở hoa Ngờ đâu ngoài kia là mệt nhoài Có người nhau gặp để trả nợ Có người gặp để nối duyên xưa Nó chờ điều đẹp tới Như đợi cầu vồng ẩn nấp sau mưa Hook : Nó từng mơ mái nhà nho nhỏ nhưng đời lại dạy nó cách co ro Đồng tiền biến nó từ đứa trẻ trở thành 1 kẻ tính toán so đo Có những tối chẳng gì để thở ngoài điếu thuốc , tiếng lặng trong tim Nó thẫn thờ giữa phiên chợ đời muốn kết thúc cho sớm xong phim Nó không chọn lối đi như thế , mà số phận buộc chân phải giẫm đá Mà tình yêu thì đâu thể lựa trong tay cũng không có mã giảm giá Có lần say nó cười trong quán nụ cười vang giữa những gã điên tình Cũng chẳng có một ai cạnh nó chỉ có bản thân nó tự khuyên mình Ver 2 : Nó chỉ lo trở thành người tốt mà quên mất mình xấu dáng vẻ ngoài Tay bám bụi không dám dụi mắt nên cứ ngỡ rằng mình sẽ trẻ hoài Nó mãi lo trời đổ mưa bạc , sẽ xóa hết những thứ thâm kim Mà đâu biết triệu giọt mưa ấy mới là nguồn cơn khiến nó đau tim Cô đơn hơn câu từ dang dở , viết nửa chừng chẳng muốn ghi thêm Ai cũng tưởng là nó mạnh mẽ trước lúc nó khóc vào khi đêm Nó chuyển đau lòng bã vào đám khói , thả lên trời tan biến theo mây Nó sở hữu chiếc vòng lời nhắc không rời phút nào khi luôn đeo tay ( vòng safe pins) Thứ đắng nhất không nằm trong vị mà ở trong lòng nơi chẳng ai hay Không phải men làm nó chếnh choáng là do đời vùi nên mắt hay cay Có người vội lướt qua như gió , người ở lại để đợi hóa giông Nó xem người là vàng bạc mà đời trả lại toàn sỏi đá không Có người đến ở giữa bể dâu để nó có nỗi đau đầu đời Có người đến khai sáng cho mắt để nó thấy rõ được sắc màu trời Sài Gòn không cứu được nó , khi lướt qua rồi còn lưu tên nhau Nó chỉ lo người sẽ lại khổ , nên xin được phép phải dừng bên nhau",1,True
"Nó chỉ lo thay đổi người khác mà quên thay đổi bản thân mình Nó tự buồn tự ngẫm nghĩ Thời nay làm gì có chân tình Ngoảnh đi ngoảnh lại nó vẫn 1 mình Chạy theo thời gian đang trôi nhanh Người nó yêu cũng rời bỏ nó Vì lý do nó chưa trưởng thành Nó lấy áp lực chuyển thành niềm vui Để phân phát vào từng câu chữ Nó rơi nước mắt vì người nó yêu Nó còn bận tâm rất là nhiều thứ Nó cô đơn hơn những gì nó kể Nó đâu còn gì để mà bám víu Đúng là đời nó bạc như vôi Nó cần liều thuốc chữa lành tình yêu Thứ đắng nhất không phải là thuốc Mà khi ta nếm nước mắt của mình Thứ khiến ta say không phải là rượu Mà là hợp âm của chính chữ tình Lúc nó nghèo không người ngồi cạnh Lúc nó sai không người bao dung Những gì họ nói về nó Tất cả mọi thứ chắc gì là đúng Sài gòn xa hoa nó bôn ba Tự mình gánh chịu những mệt mỏi Tâm nó tưởng là nở hoa Ngờ đâu ngoài kia là mệt nhoài Có người nhau gặp để trả nợ Có người gặp để nối duyên xưa Nó chờ điều đẹp tới Như đợi cầu vồng ẩn nấp sau mưa Hook : Nó từng mơ mái nhà nho nhỏ nhưng đời lại dạy nó cách co ro Đồng tiền biến nó từ đứa trẻ trở thành 1 kẻ tính toán so đo Có những tối chẳng gì để thở ngoài điếu thuốc , tiếng lặng trong tim Nó thẫn thờ giữa phiên chợ đời muốn kết thúc cho sớm xong phim Nó không chọn lối đi như thế , mà số phận buộc chân phải giẫm đá Mà tình yêu thì đâu thể lựa trong tay cũng không có mã giảm giá Có lần say nó cười trong quán nụ cười vang giữa những gã điên tình Cũng chẳng có một ai cạnh nó chỉ có bản thân nó tự khuyên mình Ver 2 : Nó chỉ lo trở thành người tốt mà quên mất mình xấu dáng vẻ ngoài Tay vô cùng bám bụi không dám dụi mắt nên cứ ngỡ rằng mình sẽ trẻ hoài Nó mãi lo trời đổ mưa bạc , sẽ xóa hết những thứ thâm kim Mà đâu biết triệu giọt mưa ấy mới là nguồn cơn khiến nó đau tim Cô đơn hơn câu từ dang dở , viết nửa chừng chẳng muốn ghi thêm Ai cũng tưởng là nó mạnh mẽ trước lúc nó khóc vào khi đêm Nó chuyển buồn bã vào đám khói , thả lên trời tan biến theo mây Nó sở hữu chiếc vòng lời nhắc không rời phút nào khi luôn đeo tay ( vòng safe pins) Thứ đắng nhất không nằm trong vị mà ở trong lòng nơi chẳng ai hay Không phải men làm nó chếnh choáng là do đời vùi nên mắt hay cay Có người vội lướt qua như gió , người ở lại để đợi hóa giông Nó xem người là vàng bạc mà đời trả lại toàn sỏi đá không Có người đến ở giữa bể dâu để nó có nỗi đau đầu đời Có người đến khai sáng cho mắt để nó thấy rõ được sắc màu trời Sài Gòn không cứu được nó , khi lướt qua rồi còn lưu tên nhau Nó chỉ lo người sẽ lại khổ , nên xin được phép phải dừng bên nhau",1,True
"mình cũng từng trượt chuyên và bị bố chì triết cả tháng hè khiến mình suy sụp, dù khi đó mình ko có mục tiêu học chuyên vì nó xa nhà. nhưng việc bố mẹ kì vọng nhiều vào mình và khi không được như ý thì quay ra trù ẻo trách móc để lại 1 vết thương lớn với tớ. đến khi thi đại học tớ quyết tâm ôn thi vào NEU vì đó là trường t thích, khi ấy chỉ còn 1 tháng trước thi đại học mà tớ mất gốc toán lý, máu liều vùi đầu vào ôn và cuối cùng lên được 8 điểm 2 môn đó. tổng điểm của mình cao hơn những bạn cùng lớp cũ từng đỗ chuyên, và cao nhất khối trường mình. Nghĩ lại thấy cũng may vì sau khi trượt chuyên mình ko mất niềm tin vào bản thân mà càng quyết tâm đỗ đại học, cũng ko nghĩ là mình có thể có cú lội ngược dòng như vậy. giờ thì mình đã ra trường và trường chuyên giờ chỉ còn là dĩ vãng, ko còn là thứ khiến mình tự ti và đố kị nữa rùi",1,False
"mình cũng từng trượt chuyên và bị bố chì triết cả tháng hè khiến mình suy sụp, dù khi đó mình ko có mục tiêu học chuyên vì nó xa nhà. nhưng việc bố mẹ kì vọng nhiều vào mình và khi không được như ý thì quay ra trù ẻo trách móc để lại 1 vết thương lớn với tớ. đến khi thi đại học tớ quyết tâm ôn thi vào NEU vì đó là trường t thích, khi ấy chỉ còn 1 tháng trước thi đại học mà tớ mất gốc toán lý, máu vô cùng liều vùi đầu vào ôn và cuối cùng lên được 8 điểm 2 môn đó. tổng điểm của mình cao hơn những bạn cùng lớp cũ từng đỗ chuyên, và cao nhất khối trường mình. Nghĩ lại thấy cũng may vì sau khi trượt chuyên mình ko mất niềm tin vào bản thân mà càng quyết tâm đỗ đại học, cũng ko nghĩ là mình có thể có cú lội ngược dòng như vậy. giờ thì mình đã ra trường và trường chuyên giờ chỉ còn là dĩ vãng, ko còn là thứ khiến mình tự ti và đố kị nữa rùi",1,True
"mình cũng từng trượt chuyên và bị bố chì triết cả tháng hè khiến mình suy sụp, dù khi đó mình ko có mục tiêu học chuyên vì nó xa nhà. nhưng việc bố mẹ kì vọng nhiều vào mình và khi không được như ý thì quay ra trù ẻo trách móc để lại 1 vết thương lớn với tớ. đến khi thi đại học tớ quyết tâm ôn thi vào NEU vì đó là trường t thích, khi ấy chỉ còn 1 tháng trước thi đại học mà tớ mất gốc toán lý, máu liều vùi đầu vào ôn và cuối cùng lên được 8 điểm 2 môn đó. tổng điểm của mình cao hơn những bạn cùng lớp cũ từng đỗ chuyên, và cao nhất khối trường mình. Nghĩ lại thấy cũng may vì sau khi trượt chuyên mình ko mất niềm tin vào bản thân mà càng dĩ tâm đỗ đại học, cũng ko nghĩ là mình có thể có cú lội ngược dòng như vậy. giờ thì mình đã ra trường và trường chuyên giờ chỉ còn là quyết vãng, ko còn là thứ khiến mình tự ti và đố kị nữa rùi",1,True
Đầu năm 2018 rồi có ai còn nghe lại không .. Nhớ cái lần đầu tiên nghe bài này khi nhận đc tn ct mọi thứ trong tôi chấm dứt buồn và đâu khổ nh khi muốn chết Thế giờ đã 2 năm rồi hì nhanh thật ... mối tình đâu của tôi... giờ nta có ng mới rồi..nhưng e đâu có biết tôi vẵn yêu em như ngày nào .. từng ngày từng giờ từng năm tôi vẵn mong e ql vs tôi... nhưng đều đó khó qá e nhỉ ... thôi thì chúc em hp ng con gái tôi yêu 08/01/1999,1,False
Đầu năm 2018 rồi có ai còn nghe lại không .. Nhớ cái lần đầu tiên nghe bài này khi nhận đc tn ct mọi thứ trong tôi chấm dứt đau lòng và đâu khổ nh khi muốn chết Thế giờ đã 2 năm rồi hì nhanh thật ... mối tình đâu của tôi... giờ nta có ng mới rồi..nhưng e đâu có biết tôi vẵn yêu em như ngày nào .. từng ngày từng giờ từng năm tôi vẵn mong e ql vs tôi... nhưng đều đó khó qá e nhỉ ... thôi thì chúc em hp ng con gái tôi yêu 08/01/1999,1,True
Đầu năm 2018 rồi có ai còn nghe lại không .. Nhớ cái lần đầu tiên nghe bài này khi nhận đc tn ct mọi thứ trong tôi chấm dứt buồn và đâu khổ nh khi muốn chết Thế giờ đã 2 năm rồi hì nhanh thật ... mối tình đâu của tôi... giờ nta có ng mới rồi..nhưng e đâu có biết tôi vẵn yêu em như ngày nào .. từng ngày từng giờ từng năm tôi vẵn mong vô cùng e ql vs tôi... nhưng đều đó khó qá e nhỉ ... thôi thì chúc em hp ng con gái tôi yêu 08/01/1999,1,True
Những người trâm cảm họ thuơng là những người từng bị áp lục về tinh thân rất nhiều..😥,1,False
Những người trâm cảm họ thuơng lắm là những người từng bị áp lục về tinh thân rất nhiều..😥,1,True
Những về trâm cảm họ thuơng là những người từng bị áp lục người tinh thân rất nhiều..😥,1,True
"Khi da trai qua tram cam roi thi toi that su moi hieu dc qua nhieu nguoi tram cam chi co the noi nhieu hoac it ma thoi -:). Vi no la 1 cam xuc tu trong nao~ nen ko co bat cu 1 Bac si nao co the noi dc rang trong nao~ ban co gi va cam xuc gi ,Toi thay Ong Bac si chua tram cam cho toi ,ma khi tiep xuc Toi thay Ong^~ con tram cam hon toi kkk vi qua cach noi chuyen toi da thay Ong ay mat tap trung va hay quen do la tram cam chu la gi ?-:)😅",1,False
"Khi da trai qua tram cam roi lắm thi toi that su moi hieu dc qua nhieu nguoi tram cam chi co the noi nhieu hoac it ma thoi -:). Vi no la 1 cam xuc tu trong nao~ nen ko co bat cu 1 Bac si nao co the noi dc rang trong nao~ ban co gi va cam xuc gi ,Toi thay Ong Bac si chua tram cam cho toi ,ma khi tiep xuc Toi thay Ong^~ con tram cam hon toi kkk vi qua cach noi chuyen toi da thay Ong ay mat tap trung va hay quen do la tram cam chu la gi ?-:)😅",1,True
"Khi da trai qua tram cam roi thi toi that su moi hieu dc qua nhieu nguoi tram cam chi co the noi nhieu hoac it ma thoi -:). Vi no Ong 1 cam xuc tu trong nao~ nen ko co bat cu 1 Bac si nao co the noi dc rang trong nao~ ban co gi va cam xuc gi ,Toi thay Ong Bac si chua tram cam cho toi ,ma khi tiep xuc Toi thay Ong^~ con tram cam hon toi kkk vi qua cach noi chuyen toi da thay la ay mat tap trung va hay quen do la tram cam chu la gi ?-:)😅",1,True
nam mô a Di Đà Phật cho con vượt qua được trầm cảm con Liên Nguyễn Thùy cố gắng vượt qua,1,False
nam mô a Di Đà Phật cho con vượt qua được vô cùng trầm cảm con Liên Nguyễn Thùy cố gắng vượt qua,1,True
nam mô a Di trầm Phật cho con vượt qua được Đà cảm con Liên Nguyễn Thùy cố gắng vượt qua,1,True
Những thằng tên buồn cô đơn và ngay cả thằng tuyệt vọng cũng vậy không mời mà tụi nó cứ đến và chúng ta cứ phải làm tiếp chúng nó. Không thể nào khác hơn là làm bạn và sống tự nhiên với chúng. Đến lúc nào đó chúng thấy mình không cùng chí hướng chúng sẽ bỏ mình ra đi thôi. Đời là thế 😊,1,False
Những thằng tên sai cô đơn và ngay cả thằng tuyệt vọng cũng vậy không mời mà tụi nó cứ đến và chúng ta cứ phải làm tiếp chúng nó. Không thể nào khác hơn là làm bạn và sống tự nhiên với chúng. Đến lúc nào đó chúng thấy mình không cùng chí hướng chúng sẽ bỏ mình ra đi thôi. Đời là thế 😊,1,True
Những thằng tên buồn cô đơn và ngay cả thằng tuyệt vọng cũng vậy không mời mà tụi nó cứ đến và chúng ta cứ phải làm kinh tiếp chúng nó. Không thể nào khác hơn là làm bạn và sống tự nhiên với chúng. Đến lúc nào đó chúng thấy mình không cùng chí hướng chúng sẽ bỏ mình ra đi thôi. Đời là thế 😊,1,True
"Có nhiều người đánh giá thấp bản thân mình, họ bảo mình tệ, chẳng biết cố gắng và ko cầu tiến. Mình tổn thương, đau đớn và mất lòng tin vào chính mình, họ chẳng hiểu gì về mình, họ chẳng biết mình đã cố gắng và mệt mỏi như nào, cũng chẳng biết bên trong mình có thể sụp đổ bất kỳ lúc nào, có những khoảng khắc chỉ thở thôi đã đối vs mình mệt mỏi ra sao. Và rồi họ nói mình như thế, họ yêu cầu mình thay đổi nếu không thì đừng làm bạn với họ nữa! Và mình lựa chọn không? Không phải vì mình không muốn bản thân mình tốt lên chỉ là không muốn cho họ thêm cơ hội làm đau mình nữa nhưng mình vẫn tiếp tục cô đơn và lạc lõng.",1,False
"Có nhiều người đánh giá thấp bản thân mình, họ bảo mình tệ, chẳng biết cố gắng và ko cầu tiến. Mình tổn thương, đau đớn và mất lòng tin vào chính mình, họ vô chẳng hiểu gì về mình, họ chẳng biết mình đã cố gắng và mệt mỏi như nào, cũng chẳng biết bên trong mình có thể sụp đổ bất kỳ lúc nào, có những khoảng khắc chỉ thở thôi đã đối vs mình mệt mỏi ra sao. Và rồi họ nói mình như thế, họ yêu cầu mình thay đổi nếu không thì đừng làm bạn với họ nữa! Và mình lựa chọn không? Không phải vì mình không muốn bản thân mình tốt lên chỉ là không muốn cho họ thêm cơ hội làm đau mình nữa nhưng mình vẫn tiếp tục cô đơn và lạc lõng.",1,True
"Có nhiều người đánh giá thấp bản thân mình, họ bảo mình tệ, chẳng biết cố gắng và ko cầu tiến. Mình tổn thương, đau đớn và mất lòng tin vào chính mình, họ chẳng hiểu gì về mình, họ chẳng biết mình đã cố gắng và mệt mỏi như nào, cũng chẳng biết bên trong mình có thể sụp đổ bất kỳ lúc nào, có những khoảng khắc chỉ thở thôi đã đối vs mình mệt mình ra sao. Và rồi họ nói mình như thế, họ yêu cầu mình thay đổi nếu không thì đừng làm bạn với họ nữa! Và mỏi lựa chọn không? Không phải vì mình không muốn bản thân mình tốt lên chỉ là không muốn cho họ thêm cơ hội làm đau mình nữa nhưng mình vẫn tiếp tục cô đơn và lạc lõng.",1,True
"Vấn đề tiêu cực, áp lực trong công việc, học tập,.... đã quá phổ biến rùi mà dạo này còn có nhiều vụ tự tử nữa. Thế nên postcard của anh đánh trúng tâm lí người xem lun á.",1,False
"Vấn đề tiêu cực, áp lực trong công việc, dữ học tập,.... đã quá phổ biến rùi mà dạo này còn có nhiều vụ tự tử nữa. Thế nên postcard của anh đánh trúng tâm lí người xem lun á.",1,True
"Vấn đề tiêu cực, áp này trong công việc, học tập,.... đã quá phổ biến rùi mà dạo lực còn có nhiều vụ tự tử nữa. Thế nên postcard của anh đánh trúng tâm lí người xem lun á.",1,True
"mình vừa mất 1 em chó đã nuôi gần 2 năm ,chỉ còn khoảng 2 tháng nữa là tròn 2 năm,nhưng em lại bị người ta bắt đi mất,em lại bỉ mình đi lúc gần sinh nhật,đối với mình em là món quà sinh nhật vô giá mà ba đã tặng năm sinh nhật 15 tuổi. nhưng giờ ông trời lại lấy đi mất món quà ấy,mình đau đớn đến ngạt thở. làm gì cũng có em cạnh bên,giờ nhìn đâu cũng thấy bóng dáng em,mình không kìm được. không biết giờ em còn sống hay đã chết,chị vẫn hướng về em,ba vẫn nhớ về em ,heo à ...",1,False
"mình vừa mất 1 em chó đã nuôi gần 2 năm ,chỉ còn khoảng 2 tháng nữa là tròn 2 năm,nhưng em lại bị người ta bắt đi mất,em lại bỉ mình đi lúc gần sinh nhật,đối với mình em là món quà sinh nhật vô giá mà ba đã tặng năm sinh nhật 15 tuổi. nhưng giờ ông trời lại lấy đi mất món quà ấy,mình đau đớn đến ngạt thở. làm gì cũng có em cạnh bên,giờ nhìn đâu cũng thấy bóng dáng em,mình không kìm được. không biết giờ cực em còn sống hay đã chết,chị vẫn hướng về em,ba vẫn nhớ về em ,heo à ...",1,True
"mình vừa mất 1 em chó đã nuôi gần 2 năm ,chỉ còn khoảng 2 tháng nữa là tròn 2 năm,nhưng em lại bị người ta à đi mất,em lại bỉ mình đi lúc gần sinh nhật,đối với mình em là món quà sinh nhật vô giá mà ba đã tặng năm sinh nhật 15 tuổi. nhưng giờ ông trời lại lấy đi mất món quà ấy,mình đau đớn đến ngạt thở. làm gì cũng có em cạnh bên,giờ nhìn đâu cũng thấy bóng dáng em,mình không kìm được. không biết giờ em còn sống hay đã chết,chị vẫn hướng về em,ba vẫn nhớ về em ,heo bắt ...",1,True
"4 năm sống cùng với trầm cảm 10 lần tự tử hụt,40 viên thuốc an thần năm 19 tuổi chào đón mình với trầm cảm như vậy. Tưởng đâu đã gặp được người mình có thể cùng chữa lành cùng mình vượt qua trầm cảm cuối cùng người mang đến hi vọng lại lạnh lùng mang niềm hi vọng đấy đi. Bạn bè không bên cạnh ba mẹ không hiểu người yêu thì không yêu mình như mình nghĩ áp lực thi đại học năm nay,khó thở mắc ói liên tục mất ngủ liên tục ngủ thì lại cảm nhận sự áp lực tổn thương ấy rõ hơn đôi khi ám ảnh việc ngủ. Buông bỏ không được mà đi tiếp lại không xong, thật sự mình mệt quá phải làm sao đây....",1,False
"4 năm sống cùng với trầm cảm 10 lần tự tử hụt,40 viên thuốc an thần năm 19 tuổi chào đón mình với trầm cảm như vậy. Tưởng đâu đã gặp được người mình có thể cùng chữa lành cùng mình vượt qua trầm cảm cuối cùng người mang đến hi vọng lại lạnh lùng mang niềm hi vọng đấy đi. Bạn bè không bên cạnh ba mẹ không hiểu người yêu thì không yêu mình như mình nghĩ áp lực thi đại học năm nay,khó thở mắc ói liên tục mất ngủ liên tục ngủ thì lại cảm nhận sự áp lực tổn thương ấy rõ hơn đôi khi ám ảnh việc ngủ. Buông bỏ vô không được mà đi tiếp lại không xong, thật sự mình mệt quá phải làm sao đây....",1,True
"4 năm sống cùng với trầm cảm 10 lần tự tử hụt,40 viên thuốc an thần năm 19 tuổi chào đón mình với trầm cảm như vậy. Tưởng đâu đã gặp được người mình có thể cùng chữa lành cùng mình vượt qua trầm cảm cuối cùng người mang đến hi vọng lại lạnh lùng mang rõ hi vọng đấy đi. Bạn bè không bên cạnh ba mẹ không hiểu người yêu thì không yêu mình như mình nghĩ áp lực thi đại học năm nay,khó thở mắc ói liên tục mất ngủ liên tục ngủ thì lại cảm nhận sự áp lực tổn thương ấy niềm hơn đôi khi ám ảnh việc ngủ. Buông bỏ không được mà đi tiếp lại không xong, thật sự mình mệt quá phải làm sao đây....",1,True
"Mình 33 tuổi , mình bị trầm cảm rối loạn ko âu hơn phải hơn 10 năm nay rồi . Lý do là bị bạo hành hầu hết là về mặt tinh thần từ nhỏ , ko dc yêu thương . Mình từng uống trầm cảm , thuốc ngủ rất nhiều lần , mất ngủ , stress , lo âu như muốn hóa điên và suy nghĩ về cái ch*t rất nhiều lần , có lần có tiếng vang trong đầu cả tháng trời mới hết . Tới giờ mình mới đang tìm hiểu về thiền , thức tỉnh ... để cố gắng cứu mình chứ tập gym ko thì ko đủ , mình tập gym cũng dc 2 năm bên ngoài nhìn rất là ổn nhưng tinh thần thì âm điểm . Hy vọng mọi chuyện tốt đẹp sẽ đến , mọi người cũng vậy .",1,False
"Mình 33 tuổi , mình bị trầm cảm rối loạn ko âu hơn phải hơn 10 năm nay rồi . Lý do là bị bạo hành hầu hết là về mặt tinh thần từ nhỏ , ko dc yêu thương . Mình từng uống trầm cảm , thuốc ngủ rất nhiều lần , mất ngủ ,  Strain , lo âu như muốn hóa điên và suy nghĩ về cái ch*t rất nhiều lần , có lần có tiếng vang trong đầu cả tháng trời mới hết . Tới giờ mình mới đang tìm hiểu về thiền , thức tỉnh ... để cố gắng cứu mình chứ tập gym ko thì ko đủ , mình tập gym cũng dc 2 năm bên ngoài nhìn rất là ổn nhưng tinh thần thì âm điểm . Hy vọng mọi chuyện tốt đẹp sẽ đến , mọi người cũng vậy .",1,True
"Mình 33 tuổi , mình bị trầm cảm rối loạn ko âu hơn phải hơn 10 năm nay rồi . Lý do là bị bạo hành hầu hết là về mặt tinh thần từ nhỏ , ko dc yêu thương . Mình từng uống trầm cảm , thuốc ngủ rất nhiều lần , mất ngủ , stress , lo âu như muốn hóa điên và suy nghĩ về cái ch*t rất nhiều lần , có lần có tiếng vang trong đầu cả tháng trời mới quá hết . Tới giờ mình mới đang tìm hiểu về thiền , thức tỉnh ... để cố gắng cứu mình chứ tập gym ko thì ko đủ , mình tập gym cũng dc 2 năm bên ngoài nhìn rất là ổn nhưng tinh thần thì âm điểm . Hy vọng mọi chuyện tốt đẹp sẽ đến , mọi người cũng vậy .",1,True
"Thời điểm này khi chị Chi nhìn lại chị Chi có cái nhìn thoáng hơn nhưng ở lứa tuổi 18 thì khó bạn nào có thể sống với tư tưởng thoải mái đặc biệt những bạn có hoàn cảnh khó khăn. Nhưng đặt câu hỏi trở lại nếu thời điểm đó, chị Chi không so sánh mình với bạn bè như vậy thì chưa chắc chị Chi có sự cố gắng để đạt được mọi thứ như bây giờ. Em nghĩ mọi thứ xảy ra đều có lý do của nó, đôi khi sự so sánh, áp lực hoàn cảnh lại tạo ra những điều tốt đẹp.",1,False
"Thời điểm này khi chị Chi nhìn lại chị Chi có cái nhìn thoáng lắm hơn nhưng ở lứa tuổi 18 thì khó bạn nào có thể sống với tư tưởng thoải mái đặc biệt những bạn có hoàn cảnh khó khăn. Nhưng đặt câu hỏi trở lại nếu thời điểm đó, chị Chi không so sánh mình với bạn bè như vậy thì chưa chắc chị Chi có sự cố gắng để đạt được mọi thứ như bây giờ. Em nghĩ mọi thứ xảy ra đều có lý do của nó, đôi khi sự so sánh, áp lực hoàn cảnh lại tạo ra những điều tốt đẹp.",1,True
"Thời điểm này khi chị Chi nhìn lại chị Chi có cái nhìn thoáng hơn nhưng ở lứa tuổi 18 thì khó bạn nào sự thể sống với tư tưởng thoải mái đặc biệt những bạn có hoàn cảnh khó khăn. Nhưng đặt câu hỏi trở lại nếu thời điểm đó, chị Chi không so sánh mình với bạn bè như vậy thì chưa chắc chị Chi có có cố gắng để đạt được mọi thứ như bây giờ. Em nghĩ mọi thứ xảy ra đều có lý do của nó, đôi khi sự so sánh, áp lực hoàn cảnh lại tạo ra những điều tốt đẹp.",1,True
"T thật sự rất bất lực trc hoàn cảnh cuộc đời của mình. Thiếu tiền, thiếu tình đã lm cuộc đời tớ bào mòn sinh lực,tinh thần lm cho mình ko còn suy nghĩ gì cả, đều nghĩ đến ý định kết thúc cuộc đời bi thương đầy xót thương nhưng mình ko thể lm đc điều đấy,vì mình vẫn còn niềm tin vào thế giới này,vẫn tin vẫn chờ vào một cuộc gặp gỡ có thể lm thay đổi hoàn toàn cuộc đời mình vào năm mình 18 tuổi đầy giông bão nhưng mình vẫn tự tin mình sẽ đứng vững trc cơn giông bão của xã hội đầy khốc liệt😭😭",1,False
"T thật sự rất bất lực trc hoàn cảnh cuộc đời của mình. Thiếu tiền, thiếu tình đã lm cuộc đời tớ bào vô cùng mòn sinh lực,tinh thần lm cho mình ko còn suy nghĩ gì cả, đều nghĩ đến ý định kết thúc cuộc đời bi thương đầy xót thương nhưng mình ko thể lm đc điều đấy,vì mình vẫn còn niềm tin vào thế giới này,vẫn tin vẫn chờ vào một cuộc gặp gỡ có thể lm thay đổi hoàn toàn cuộc đời mình vào năm mình 18 tuổi đầy giông bão nhưng mình vẫn tự tin mình sẽ đứng vững trc cơn giông bão của xã hội đầy khốc liệt😭😭",1,True
"T thật sự rất bất lực trc hoàn cảnh cuộc đời của mình. Thiếu tiền, thiếu tình đã lm cuộc đời tớ bào mòn sinh lực,tinh thần lm cho mình ko còn suy nghĩ gì cả, đều nghĩ đến ý định kết thúc cuộc đời bi thương đầy xót xã nhưng mình ko thể lm đc điều đấy,vì mình vẫn còn niềm tin vào thế giới này,vẫn tin vẫn chờ vào một cuộc gặp gỡ có thể lm thay đổi hoàn toàn cuộc đời mình vào năm mình 18 tuổi đầy giông bão nhưng mình vẫn tự tin mình sẽ đứng vững trc cơn giông bão của thương hội đầy khốc liệt😭😭",1,True
"Nam mô a di đà phật, là một người đã từng bị rối loạn lo âu và trầm cảm khi mới 20, mình muốn nói với mn rằng, mình đã từng nghĩ sẽ ko thể thoát ra được, mình chìm vào và nghĩ mình sẽ ko chịu đựng nổi nữa, mình sắp phải giải thoát cho mình thôi. Nhưng rồi mình đọc Chú đại bi, mình ngồi thiền theo video thuyết giảng của thầy Minh Niệm, thể dục đều đặn, mình ko từ bỏ, và mình nghĩ cách dựng dậy chúng ta được nhất là tin tưởng vào bản thân, mình đã nghĩ đến chuyện mình còn muốn sống cùng với những người thương yêu của mình và cứ thế dần dần mình vượt qua được, mọi người à, đừng từ bỏ nhé! Trầm cảm ko phải bởi vì mn quá yếu đuối, nó nhắc nhở mọi người hãy trân trọng và yêu quý bản thân mình hơn, mình ko đáng phải sống cuộc đời như thế, mình xứng đáng có một cuộc sống tốt hơn, tích cực hơn. Cố lên nhé mọi người, đừng từ bỏ nhé!",1,False
"Nam mô a di đà phật, là một quá người đã từng bị rối loạn lo âu và trầm cảm khi mới 20, mình muốn nói với mn rằng, mình đã từng nghĩ sẽ ko thể thoát ra được, mình chìm vào và nghĩ mình sẽ ko chịu đựng nổi nữa, mình sắp phải giải thoát cho mình thôi. Nhưng rồi mình đọc Chú đại bi, mình ngồi thiền theo video thuyết giảng của thầy Minh Niệm, thể dục đều đặn, mình ko từ bỏ, và mình nghĩ cách dựng dậy chúng ta được nhất là tin tưởng vào bản thân, mình đã nghĩ đến chuyện mình còn muốn sống cùng với những người thương yêu của mình và cứ thế dần dần mình vượt qua được, mọi người à, đừng từ bỏ nhé! Trầm cảm ko phải bởi vì mn quá yếu đuối, nó nhắc nhở mọi người hãy trân trọng và yêu quý bản thân mình hơn, mình ko đáng phải sống cuộc đời như thế, mình xứng đáng có một cuộc sống tốt hơn, tích cực hơn. Cố lên nhé mọi người, đừng từ bỏ nhé!",1,True
"Nam mô a di đà phật, là một người đã từng bị rối mình lo âu và trầm cảm khi mới 20, mình muốn nói với mn rằng, mình đã từng nghĩ sẽ ko thể thoát ra được, mình chìm vào và nghĩ mình sẽ ko chịu đựng nổi nữa, loạn sắp phải giải thoát cho mình thôi. Nhưng rồi mình đọc Chú đại bi, mình ngồi thiền theo video thuyết giảng của thầy Minh Niệm, thể dục đều đặn, mình ko từ bỏ, và mình nghĩ cách dựng dậy chúng ta được nhất là tin tưởng vào bản thân, mình đã nghĩ đến chuyện mình còn muốn sống cùng với những người thương yêu của mình và cứ thế dần dần mình vượt qua được, mọi người à, đừng từ bỏ nhé! Trầm cảm ko phải bởi vì mn quá yếu đuối, nó nhắc nhở mọi người hãy trân trọng và yêu quý bản thân mình hơn, mình ko đáng phải sống cuộc đời như thế, mình xứng đáng có một cuộc sống tốt hơn, tích cực hơn. Cố lên nhé mọi người, đừng từ bỏ nhé!",1,True
"Chị ra đúng lúc em đang nản học luôn, em đã chăm chỉ học nhưng vẫn có điểm tệ, hay thấy bản thân thua bạn bè nhiều, em luôn theo đuổi việc đạt 9,10 điểm khi không như ý muốn thì thất vọng vô cùng, đừng nói đến em nghe giảng mà không hiểu là em tuyệt vọng luôn:((( năm lớp 9 này chạy show học nhiều, có lúc không đủ thgian làm bài trên trường, nhưng xem được vid chị em cũng hiểu được phần nào, em đang tự làm áp lực bản thân. Mong các bạn 2k8 và anh chị 2k5 học tốt và đạt được kết quả như ý trong kỳ thi quan trọng 🍀",1,False
"Chị ra đúng lúc em đang nản học luôn, em đã chăm chỉ học nhưng vẫn có điểm tệ, hay thấy bản thân thua bạn bè nhiều, em luôn theo đuổi việc đạt 9,10 điểm khi không như ý muốn thì thất vọng vô cùng, đừng nói đến em nghe giảng mà không hiểu là em tuyệt vọng luôn:((( năm lớp 9 này chạy show học nhiều, có lúc không đủ thgian làm bài trên trường, nhưng xem được vid chị em cũng hiểu được phần nào, em đang tự làm áp lực bản thân. Mong các bạn 2k8 và anh chị 2k5 học tốt và đạt được kết quả như cực ý trong kỳ thi quan trọng 🍀",1,True
"Chị ra đúng lúc em đang nản học luôn, em đã chăm chỉ học đạt vẫn có điểm tệ, hay thấy bản thân thua bạn bè nhiều, em luôn theo đuổi việc đạt 9,10 điểm khi không như ý muốn thì thất vọng vô cùng, đừng nói đến em nghe giảng mà không hiểu là em tuyệt vọng luôn:((( năm lớp 9 này chạy show học nhiều, có lúc không đủ thgian làm bài trên trường, nhưng xem được vid chị em cũng hiểu được phần nào, em đang tự làm áp lực bản thân. Mong các bạn 2k8 và anh chị 2k5 học tốt và nhưng được kết quả như ý trong kỳ thi quan trọng 🍀",1,True
"Bản thân mình cũng là một người trầm cảm, dù cho mình hay hỏi ""tại sao lại dành tgian cho một người trầm cảm chứ?"" Nhưng mình lại rất sợ ngta bỏ đi vì câu hỏi đó của mình. Vì mình luôn sợ, luôn sợ sẽ có một ngày họ không thể chịu nổi mình, sẽ bỏ mình mà đi, sẽ làm theo như câu hỏi của mình. Nếu cậu có một người bạn trầm cảm, xin đừng bỏ họ đi, dù bằng bất cứ giá nào nhé",1,False
"Bản thân mình cũng là một người trầm cảm, dù cho mình hay hỏi ""tại sao lại dành tgian cho một người trầm cảm chứ?"" Nhưng mình lại rất sợ ngta bỏ đi vì câu hỏi đó của mình. Vì mình luôn sợ, luôn hoảng sợ sẽ có một ngày họ không thể chịu nổi mình, sẽ bỏ mình mà đi, sẽ làm theo như câu hỏi của mình. Nếu cậu có một người bạn trầm cảm, xin đừng bỏ họ đi, dù bằng bất cứ giá nào nhé",1,True
"Bản thân mình cũng là một người trầm cảm, dù cho mình hay hỏi ""tại sao lại dành tgian cho một người trầm cảm chứ?"" Nhưng mình lại rất sợ ngta bỏ đi vì câu cực hỏi đó của mình. Vì mình luôn sợ, luôn sợ sẽ có một ngày họ không thể chịu nổi mình, sẽ bỏ mình mà đi, sẽ làm theo như câu hỏi của mình. Nếu cậu có một người bạn trầm cảm, xin đừng bỏ họ đi, dù bằng bất cứ giá nào nhé",1,True
"Ai cũng nghĩ quẩn khi buồn hay có chuyện gì tồi tệ , nhưng kết thúc cuộc đời là hết mn k nghĩ cho gia đình hay khi mình 44 sẽ có những chuyện gì sao , trong đời mỗi ng có mỗi chuyện khác nhau k thể nói trc dc những điều mn đối mặt có khổ hơn nhau , k sốg trong hoàn cảnh của ngta lên k hiểu đc nếu trong hành trình của mik có ng đồng hành cùng thì sẽ bớt cô đơn thật , nhma đâu phải ai cx có lên phải học cách chịu đựng 1 mình đừng để những snghi quẩn làm mất 1 đời, mik cx v th cx có nhữg chuyện tồi tệ mỗi ngày 1 ít dồn tới lúc mik k chịu dc mik chỉ bt khóc ròi nhhe nhạc buồn ròi mai lại bắt đầu với 1 ngày mới hãy cứ bước tiếp đừng quay đầu lại đừng để quá khứ ảnh hưởng tới tương lai😊",1,False
"Ai cũng nghĩ quẩn khi buồn hay có chuyện gì tồi tệ , nhưng kết thúc cuộc đời là hết mn k nghĩ cho gia đình hay khi mình 44 sẽ có những chuyện gì sao , trong đời mỗi ng có mỗi chuyện khác nhau k thể nói trc dc những điều mn đối mặt có khổ hơn nhau , k sốg trong hoàn cảnh của ngta lên k hiểu đc nếu trong hành trình của mik có ng đồng hành cùng thì sẽ bớt cô đơn thật , nhma đâu phải ai cx có lên phải học cách chịu đựng 1 mình đừng để những snghi quẩn làm mất 1 đời, mik cx v th cx có nhữg chuyện tồi tệ mỗi ngày 1 ít dồn tới lúc mik k chịu dc mik chỉ bt khóc ròi nhhe nhạc sầu ròi mai lại bắt đầu với 1 ngày mới hãy cứ bước tiếp đừng quay đầu lại đừng để quá khứ ảnh hưởng tới tương lai😊",1,True
"Ai cũng nghĩ quẩn khi buồn hay có chuyện gì tồi tệ , nhưng kết thúc cuộc đời là hết mn k nghĩ cho gia đình hay khi mình 44 sẽ có những chuyện gì sao , trong đời mỗi ng có mỗi chuyện khác nhau k thể nói trc dc những điều mn đối mặt có khổ hơn nhau , k sốg trong hoàn cảnh của ngta lên k hiểu đc nếu trong hành trình của mik có ng đồng hành cùng thì sẽ bớt cô đơn thật , nhma đâu phải ai cx có lên phải học cách chịu đựng 1 mình đừng để những snghi quẩn làm mất 1 đời, mik cx v th cx có nhữg chuyện tồi tệ mỗi ngày 1 ít dồn tới lúc mik k chịu dc mik chỉ bt khóc ròi lắm nhhe nhạc buồn ròi mai lại bắt đầu với 1 ngày mới hãy cứ bước tiếp đừng quay đầu lại đừng để quá khứ ảnh hưởng tới tương lai😊",1,True
"từ hồi cấp 1,mình bị bố và cô gvcn ép học.Ở cái thời điểm mà đứa trẻ nào cũng muốn đc tự do vui chơi thì mình lại phải ở nhà cắm cúi vào bàn học để giải các bài tập nâng cao.Lúc đó mình mệt lắm.Hễ cứ làm sai bài tập khó hay dễ thì mình lại bị bố mắng,nói những câu nói như đâm thẳng vào trái tim của một đứa trẻ.Lúc đi thi,mình luôn trong trạng thái lo sợ.Rồi đến một ngày,mình thi trượt trường chuyên và thiếu 0,5 điểm.Nghe tin trượt,mình như chết đi sống lại,k ngờ chuyện đó lại xảy ra.Mình càng dày vò,dằn vặt bản thân hơn.Mọi người xung quanh thì cứ nhắc đi nhắc lại chuyện đó.Mình có thi cùng 1 bạn và bạn ý đỗ.Trong khoảng thời gian đó,bố mình luôn nhắc về chuyện mình trượt và bạn ấy đỗ để đem ra so sánh.Bố mình là hiệu trưởng,mẹ mình là gv.Nhưng bố luôn là ng nghiêm khắc nhất nhà,tuổi thơ của mình là như vậy.Là áp lực học tập như muốn chết đi.Thật sự,bố chưa bao giờ từng hỏi ""con có mệt k?"".Dù giờ mình đang học trường thường nhưng vẫn sống rất tốt mong rằng bản thân sẽ cố gắng hơn cho mục tiêu đỗ nv1 trường chuyên",1,False
"từ hồi cấp 1,mình bị bố và cô gvcn ép học.Ở cái thời điểm mà đứa trẻ nào cũng muốn đc tự do hạnh phúc chơi thì mình lại phải ở nhà cắm cúi vào bàn học để giải các bài tập nâng cao.Lúc đó mình mệt lắm.Hễ cứ làm sai bài tập khó hay dễ thì mình lại bị bố mắng,nói những câu nói như đâm thẳng vào trái tim của một đứa trẻ.Lúc đi thi,mình luôn trong trạng thái lo sợ.Rồi đến một ngày,mình thi trượt trường chuyên và thiếu 0,5 điểm.Nghe tin trượt,mình như chết đi sống lại,k ngờ chuyện đó lại xảy ra.Mình càng dày vò,dằn vặt bản thân hơn.Mọi người xung quanh thì cứ nhắc đi nhắc lại chuyện đó.Mình có thi cùng 1 bạn và bạn ý đỗ.Trong khoảng thời gian đó,bố mình luôn nhắc về chuyện mình trượt và bạn ấy đỗ để đem ra so sánh.Bố mình là hiệu trưởng,mẹ mình là gv.Nhưng bố luôn là ng nghiêm khắc nhất nhà,tuổi thơ của mình là như vậy.Là áp lực học tập như muốn chết đi.Thật sự,bố chưa bao giờ từng hỏi ""con có mệt k?"".Dù giờ mình đang học trường thường nhưng vẫn sống rất tốt mong rằng bản thân sẽ cố gắng hơn cho mục tiêu đỗ nv1 trường chuyên",1,True
"từ hồi cấp 1,mình bị bố và dữ cô gvcn ép học.Ở cái thời điểm mà đứa trẻ nào cũng muốn đc tự do vui chơi thì mình lại phải ở nhà cắm cúi vào bàn học để giải các bài tập nâng cao.Lúc đó mình mệt lắm.Hễ cứ làm sai bài tập khó hay dễ thì mình lại bị bố mắng,nói những câu nói như đâm thẳng vào trái tim của một đứa trẻ.Lúc đi thi,mình luôn trong trạng thái lo sợ.Rồi đến một ngày,mình thi trượt trường chuyên và thiếu 0,5 điểm.Nghe tin trượt,mình như chết đi sống lại,k ngờ chuyện đó lại xảy ra.Mình càng dày vò,dằn vặt bản thân hơn.Mọi người xung quanh thì cứ nhắc đi nhắc lại chuyện đó.Mình có thi cùng 1 bạn và bạn ý đỗ.Trong khoảng thời gian đó,bố mình luôn nhắc về chuyện mình trượt và bạn ấy đỗ để đem ra so sánh.Bố mình là hiệu trưởng,mẹ mình là gv.Nhưng bố luôn là ng nghiêm khắc nhất nhà,tuổi thơ của mình là như vậy.Là áp lực học tập như muốn chết đi.Thật sự,bố chưa bao giờ từng hỏi ""con có mệt k?"".Dù giờ mình đang học trường thường nhưng vẫn sống rất tốt mong rằng bản thân sẽ cố gắng hơn cho mục tiêu đỗ nv1 trường chuyên",1,True
"Tôi có đang bị trầm cảm không, tôi thấy mệt mỏi khi đến trường, nhiều lúc lo lắng về mọi thứ, tôi núp trong phòng khóc, tưởng tượng những thứ trong bóng tối đang chỉ trích mình, tôi thấy mệt mỏi, mệt mỏi và chán nản, thất vọng nhiều thứ, đánh giá ngoại hình so sánh với người khác",1,False
"Tôi có đang bị trầm cảm không, tôi thấy mệt mỏi khi cực đến trường, nhiều lúc lo lắng về mọi thứ, tôi núp trong phòng khóc, tưởng tượng những thứ trong bóng tối đang chỉ trích mình, tôi thấy mệt mỏi, mệt mỏi và chán nản, thất vọng nhiều thứ, đánh giá ngoại hình so sánh với người khác",1,True
"Tôi có đang bị trầm cảm không, tôi thấy mệt mỏi khi đến trường, nhiều lúc lo lắng về mọi thứ, bóng núp trong phòng khóc, tưởng tượng những thứ trong tôi tối đang chỉ trích mình, tôi thấy mệt mỏi, mệt mỏi và chán nản, thất vọng nhiều thứ, đánh giá ngoại hình so sánh với người khác",1,True
"Mình khuyên các bạn lên làm việc học tập thật khoa học . Giấc ngủ nó vô cùng quan trọng đến thể chất và tinh thần . Lúc mình bình thường thì xem nhẹ nó vì nó rất tự nhiên. Và rồi bị trầm cảm 6,7 năm nay mình phải uokngs thuốc mới ngủ đk , và lâý lại giấc ngủ tự nhiên vs mình là không thể, lên mình chia sẻ các bạn lên vô cùng quý trọng giấc ngủ nhà.",1,False
"Mình khuyên các bạn lên làm việc học tập thật khoa học . Giấc ngủ nó vô cùng quan trọng đến thể chất và tinh thần . Lúc mình bình thường thì vô xem nhẹ nó vì nó rất tự nhiên. Và rồi bị trầm cảm 6,7 năm nay mình phải uokngs thuốc mới ngủ đk , và lâý lại giấc ngủ tự nhiên vs mình là không thể, lên mình chia sẻ các bạn lên vô cùng quý trọng giấc ngủ nhà.",1,True
"Mình khuyên các bạn lên làm việc học tập thật khoa học . Giấc ngủ nó vô cùng quan trọng đến thể chất và tinh thần . Lúc mình bình thường thì xem nhẹ nó vì nó rất tự nhiên. Và rồi bị trầm cảm 6,7 năm nay mình chia uokngs thuốc mới ngủ đk , và lâý lại giấc ngủ tự nhiên vs mình là không thể, lên mình phải sẻ các bạn lên vô cùng quý trọng giấc ngủ nhà.",1,True
"Những đứa trẻ lớn lên trong tổn thương những lời chỉ trích hay tự ti lắm như mình nay mình tự ti lắm ko dám kết bạn với ai ko dám ko ngoài chơi chỉ biết trốn trong phòng thôi mỗi ngày bên tai là những tiếng chửi tiếng khóc nấc khó thở của bản thân ,nhìn người khác mình ngưỡng mộ lắm ngưỡng mộ họ đc bố mẹ yêu thương đc tự do làm những điều mình thích ko bị ràng buộc ☺️ còn bản thân mình mỗi ngày phải nghe những câu chửi cay độc của mẹ "" bọn chó này"" nuôi mày phí cơm phí cháo "" ☺️ "" mày ko phải con tao tao ko có đứa con như mày "" mày nhìn nó kia ngoan thế kia nhìn là mày xem"" "" nuôi mày làm gì bt thế tao cho chết đói tốn cơm"" ☺️ mệt quá ko muốn sống nua mình muốn chết mà mình sợ mọi người sẽ buồn mà ko đâu có ai quan tâm sự tồn tại của mình đâu 🥹",1,False
"Những đứa trẻ lớn lên trong tổn thương những lời chỉ trích hay tự ti lắm như mình nay mình tự ti lắm ko dám kết bạn với ai ko dám ko ngoài chơi chỉ biết trốn trong phòng thôi mỗi ngày bên tai là những tiếng chửi tiếng khóc nấc khó thở của bản thân ,nhìn người khác mình ngưỡng mộ lắm ngưỡng mộ họ đc bố mẹ yêu thương đc tự do làm những điều mình thích ko bị ràng buộc ☺️ còn bản thân mình mỗi ngày phải nghe những câu chửi cay độc của mẹ "" bọn chó này"" nuôi mày phí cơm phí cháo "" ☺️ "" mày ko phải con tao tao ko có đứa con như mày "" mày nhìn nó kia ngoan thế kia nhìn là mày xem"" "" nuôi mày làm gì bt thế tao cho chết đói tốn cơm"" ☺️ mệt quá ko muốn sống nua mình muốn chết mà mình hoảng sợ mọi người sẽ buồn mà ko đâu có ai quan tâm sự tồn tại của mình đâu 🥹",1,True
"Những đứa trẻ lớn lên trong tổn thương những lời chỉ trích hay tự ti lắm như mình nay mình tự ti lắm ko dám kết bạn với ai ko dám ko ngoài chơi chỉ biết trốn trong phòng thôi mỗi ngày bên tai là những tiếng chửi tiếng khóc nấc khó thở của bản thân ,nhìn người khác mình ngưỡng mộ lắm ngưỡng mộ họ đc bố mẹ yêu thương đc tự do làm những điều mình thích ko bị ràng buộc ☺️ còn bản thân mình mỗi ngày phải nghe những câu chửi cay độc của mẹ "" bọn chó này"" nuôi mày phí cơm phí cháo "" ☺️ "" mày kinh ko phải con tao tao ko có đứa con như mày "" mày nhìn nó kia ngoan thế kia nhìn là mày xem"" "" nuôi mày làm gì bt thế tao cho chết đói tốn cơm"" ☺️ mệt quá ko muốn sống nua mình muốn chết mà mình sợ mọi người sẽ buồn mà ko đâu có ai quan tâm sự tồn tại của mình đâu 🥹",1,True
"Tôi cx mệt mỏi lắm😊.Áp lưc học tập nặng nề ,ko có bạn bè mà nếu có thì cx chỉ là quan hệ lợi dụng hay hợp tác gì đó,áp lực gia đinh là khi về nhà lại phải cố gắng gượng nở nụ cười và bảo mình có rất nhiều bạn chơi cùng để mẹ ko lo lắng. Sau mỗi hôm học mẹ đều quan tâm hỏi han mình về vấn đề học tập và quan hệ bạn bè xung quanh,ban đầu mình rất thích cảm giác đc mẹ quan tâm này nhưng lâu ngày cx cảm thấy rất mệt mỏi😢. Tôi rất nhớ bố🙃. Và rồi một lớn,những vấn đề mẹ đặt ra cho tôi ngày càng quá đáng,những câu chửi mắng ngày càng cay nghiệt hơn rất nhiều,tim tôi như bị bóp nghẹt từng đợt nên tôi rất sợ về nhà. Tôi đã từng nghĩ đến cái chết nhưng tôi sợ mẹ cô đơn và cx ko có đủ sự dũng cảm đẻ làm đc điều đó. TÔI THẬT SỰ RẤT VÔ DỤNG!!",1,False
"Tôi cx mệt mỏi lắm😊.Áp lưc học tập nặng nề ,ko có bạn bè mà nếu có thì cx chỉ là quan hệ lợi dụng hay hợp tác gì đó,áp lực gia đinh là khi về nhà lại phải cố gắng gượng nở nụ cười và bảo mình có rất nhiều bạn chơi cùng để mẹ ko lo lắng. Sau mỗi hôm học mẹ đều quan tâm hỏi han mình về vấn đề học tập và quan hệ bạn bè xung quanh,ban đầu mình rất thích cảm giác đc mẹ quan tâm này nhưng lâu ngày cx cảm thấy rất mệt mỏi😢. Tôi rất nhớ bố🙃. Và rồi một lớn,những vấn đề mẹ đặt ra cho tôi ngày càng quá đáng,những câu chửi mắng ngày càng cay nghiệt hơn rất nhiều,tim tôi như bị bóp nghẹt từng đợt nên tôi rất e ngại về nhà. Tôi đã từng nghĩ đến cái chết nhưng tôi sợ mẹ cô đơn và cx ko có đủ sự dũng cảm đẻ làm đc điều đó. TÔI THẬT SỰ RẤT VÔ DỤNG!!",1,True
"Tôi cx mệt mỏi lắm😊.Áp lưc học tập nặng nề ,ko có bạn bè mà nếu có thì cx chỉ là quan hệ lắm lợi dụng hay hợp tác gì đó,áp lực gia đinh là khi về nhà lại phải cố gắng gượng nở nụ cười và bảo mình có rất nhiều bạn chơi cùng để mẹ ko lo lắng. Sau mỗi hôm học mẹ đều quan tâm hỏi han mình về vấn đề học tập và quan hệ bạn bè xung quanh,ban đầu mình rất thích cảm giác đc mẹ quan tâm này nhưng lâu ngày cx cảm thấy rất mệt mỏi😢. Tôi rất nhớ bố🙃. Và rồi một lớn,những vấn đề mẹ đặt ra cho tôi ngày càng quá đáng,những câu chửi mắng ngày càng cay nghiệt hơn rất nhiều,tim tôi như bị bóp nghẹt từng đợt nên tôi rất sợ về nhà. Tôi đã từng nghĩ đến cái chết nhưng tôi sợ mẹ cô đơn và cx ko có đủ sự dũng cảm đẻ làm đc điều đó. TÔI THẬT SỰ RẤT VÔ DỤNG!!",1,True
Rối loạn lo âu dẫn đến trầm cảm,1,False
Rối loạn lo âu dẫn đến cực trầm cảm,1,True
Rối loạn lo âu dẫn đến cảm trầm,1,True
